Client ID;ZIP Code;ID Client Type
500000001;10001;
500000002;10002;
500000003;10003;
500000004;10004;Client Type 1
500000005;10005;
500000006;10006;
500000007;10004;
500000008;10007;
500000009;10008;
500000010;10008;
500000011;10004;
500000012;10009;
500000013;10010;
500000014;10006;
500000015;10004;
500000016;10010;
500000017;10011;
500000018;10006;
500000019;10012;
500000020;10010;
500000021;10013;
500000022;10009;
500000023;10014;
500000024;10015;
500000025;10004;
500000026;10002;
500000027;10010;
500000028;10008;
500000029;10016;
500000030;10017;Client Type 1
500000031;10010;
500000032;10004;
500000033;10005;
500000034;10010;
500000035;10006;
500000036;10018;
500000037;10018;
500000038;10019;
500000039;10018;
500000040;10003;
500000041;10008;Client Type 1
500000042;10018;
500000043;10003;
500000044;10004;
500000045;10004;
500000046;10014;
500000047;10020;Client Type 2
500000048;10010;
500000049;10008;
500000050;10002;
500000051;10010;
500000052;10004;
500000053;10010;
500000054;10014;
500000055;10002;
500000056;10008;
500000057;10014;
500000058;10014;
500000059;10018;
500000060;10013;
500000061;10008;
500000062;10010;
500000063;10017;
500000064;10017;
500000065;10004;
500000066;10003;
500000067;10021;
500000068;10018;
500000069;10014;
500000070;10022;
500000071;10023;
500000072;10013;
500000073;10002;
500000074;10024;
500000075;10024;
500000076;10025;
500000077;10026;
500000078;10002;
500000079;10002;
500000080;10010;
500000081;10008;
500000082;10002;
500000083;10027;
500000084;10010;
500000085;10006;
500000086;10010;
500000087;10008;
500000088;10013;
500000089;10002;
500000090;10004;
500000091;10010;
500000092;10004;
500000093;10010;
500000094;10010;
500000095;10006;
500000096;10028;
500000097;10028;
500000098;10028;
500000099;10028;
500000100;10028;
500000101;10028;
500000102;10028;
500000103;10028;
500000104;10028;
500000105;10028;
500000106;10028;
500000107;10028;
500000108;10028;
500000109;10028;
500000110;10028;
500000111;10028;
500000112;10028;
500000113;10028;
500000114;10028;
500000115;10028;
500000116;10028;
500000117;10028;
500000118;10028;
500000119;10028;
500000120;10028;
500000121;10028;
500000122;10028;
500000123;10028;
500000124;10028;
500000125;10028;
500000126;10028;
500000127;10028;
500000128;10028;
500000129;10028;
500000130;10028;
500000131;10028;
500000132;10028;
500000133;10028;
500000134;10028;
500000135;10028;
500000136;10028;
500000137;10028;
500000138;10028;
500000139;10028;
500000140;10028;
500000141;10028;
500000142;10028;
500000143;10028;
500000144;10028;
500000145;10028;
500000146;10028;
500000147;10028;
500000148;10028;
500000149;10028;
500000150;10028;
500000151;10005;
500000152;10028;
500000153;10028;
500000154;10028;
500000155;10028;
500000156;10004;
500000157;10010;
500000158;10010;
500000159;10010;
500000160;10008;
500000161;10029;
500000162;10029;
500000163;10029;Client Type 2
500000164;10029;
500000165;10008;
500000166;10004;
500000167;10030;
500000168;10013;
500000169;10013;
500000170;10023;
500000171;10019;
500000172;10028;
500000173;10005;
500000174;10005;
500000175;10005;
500000176;10005;
500000177;10005;
500000178;10008;Client Type 3
500000179;10028;
500000180;10028;
500000181;10023;
500000182;10004;
500000183;10023;
500000184;10010;
500000185;10023;
500000186;10023;
500000187;10008;
500000188;10031;
500000189;10005;
500000190;10010;
500000191;10010;
500000192;10010;
500000193;10010;
500000194;10010;
500000195;10010;
500000196;10023;
500000197;10018;
500000198;10010;
500000199;10002;
500000200;10010;
500000201;10002;
500000202;10023;
500000203;10020;
500000204;10032;
500000205;10023;
500000206;10033;
500000207;10033;
500000208;10028;
500000209;10034;
500000210;10033;
500000211;10033;
500000212;10033;
500000213;10028;
500000214;10028;
500000215;10004;
500000216;10028;
500000217;10028;
500000218;10035;
500000219;10032;
500000220;10036;
500000221;10028;
500000222;10037;
500000223;10036;
500000224;10036;
500000225;10036;
500000226;10036;
500000227;10033;
500000228;10036;
500000229;10033;
500000230;10038;
500000231;10030;
500000232;10018;
500000233;10039;
500000234;10015;
500000235;10031;
500000236;10028;
500000237;10028;
500000238;10028;
500000239;10002;
500000240;10028;
500000241;10028;
500000242;10028;
500000243;10028;
500000244;10028;
500000245;10028;
500000246;10015;
500000247;10028;
500000248;10028;
500000249;10028;
500000250;10010;
500000251;10040;
500000252;10028;
500000253;10028;
500000254;10015;
500000255;10015;
500000256;10028;
500000257;10029;
500000258;10041;
500000259;10019;Client Type 4
500000260;10005;
500000261;10006;
500000262;10002;
500000263;10042;
500000264;10043;
500000265;10033;
500000266;10033;
500000267;10033;
500000268;10015;
500000269;10028;
500000270;10018;
500000271;10010;
500000272;10036;
500000273;10008;
500000274;10044;
500000275;10044;
500000276;10028;
500000277;10006;Client Type 4
500000278;10006;
500000279;10018;
500000280;10033;
500000281;10005;
500000282;10004;
500000283;10010;
500000284;10014;
500000285;10006;
500000286;10010;
500000287;10008;
500000288;10004;
500000289;10002;
500000290;10045;
500000291;10015;
500000292;10014;
500000293;10015;
500000294;10046;
500000295;10010;
500000296;10009;
500000297;10009;
500000298;10008;
500000299;10005;
500000300;10010;
500000301;10047;
500000302;10036;
500000303;10004;
500000304;10048;
500000305;10048;
500000306;10002;
500000307;10009;
500000308;10037;
500000309;10004;
500000310;10010;Client Type 2
500000311;10027;
500000312;10029;
500000313;10006;
500000314;10015;
500000315;10033;Client Type 3
500000316;10033;
500000317;10033;
500000318;10033;
500000319;10033;
500000320;10033;
500000321;10004;
500000322;10002;
500000323;10013;
500000324;10022;
500000325;10014;
500000326;10010;
500000327;10029;
500000328;10005;
500000329;10004;
500000330;10013;
500000331;10024;
500000332;10024;
500000333;10024;
500000334;10017;
500000335;10012;
500000336;10024;
500000337;10024;
500000338;10012;
500000339;10008;
500000340;10008;
500000341;10008;
500000342;10018;
500000343;10029;
500000344;10006;
500000345;10049;
500000346;10036;
500000347;10050;
500000348;10005;
500000349;10002;
500000350;10002;
500000351;10014;
500000352;10031;
500000353;10004;
500000354;10002;
500000355;10015;
500000356;10015;
500000357;10020;
500000358;10036;Client Type 1
500000359;10002;
500000360;10051;
500000361;10027;
500000362;10014;
500000363;10006;
500000364;10016;
500000365;10002;
500000366;10033;
500000367;10036;
500000368;10033;
500000369;10031;
500000370;10031;
500000371;10028;
500000372;10052;
500000373;10013;
500000374;10006;
500000375;10006;
500000376;10012;
500000377;10020;
500000378;10008;
500000379;10032;
500000380;10031;
500000381;10015;
500000382;10015;
500000383;10004;
500000384;10002;
500000385;10009;
500000386;10029;
500000387;10022;
500000388;10022;
500000389;10023;
500000390;10010;
500000391;10010;
500000392;10010;
500000393;10017;
500000394;10004;
500000395;10017;
500000396;10010;
500000397;10039;
500000398;10005;
500000399;10005;
500000400;10010;
500000401;10023;
500000402;10029;
500000403;10029;
500000404;10016;
500000405;10032;Client Type 1
500000406;10010;
500000407;10003;
500000408;10003;
500000409;10008;
500000410;10031;
500000411;10013;
500000412;10005;
500000413;10014;
500000414;10023;
500000415;10017;
500000416;10053;
500000417;10018;
500000418;10002;
500000419;10008;
500000420;10012;
500000421;10044;
500000422;10044;
500000423;10044;
500000424;10044;
500000425;10015;
500000426;10010;
500000427;10002;
500000428;10027;
500000429;10004;
500000430;10015;
500000431;10005;
500000432;10048;
500000433;10024;
500000434;10054;
500000435;10028;
500000436;10023;
500000437;10010;
500000438;10002;
500000439;10018;
500000440;10002;
500000441;10018;
500000442;10008;
500000443;10023;
500000444;10013;
500000445;10006;
500000446;10006;
500000447;10006;
500000448;10006;
500000449;10006;
500000450;10005;
500000451;10014;
500000452;10014;
500000453;10037;
500000454;10010;Client Type 2
500000455;10016;
500000456;10005;
500000457;10005;
500000458;10002;
500000459;10011;
500000460;10006;
500000461;10006;
500000462;10004;
500000463;10011;
500000464;10006;
500000465;10011;
500000466;10006;
500000467;10017;Client Type 2
500000468;10010;
500000469;10010;
500000470;10010;
500000471;10014;
500000472;10014;
500000473;10011;
500000474;10008;
500000475;10006;
500000476;10015;
500000477;10010;
500000478;10005;
500000479;10014;
500000480;10046;
500000481;10008;
500000482;10029;Client Type 4
500000483;10016;
500000484;10029;
500000485;10008;
500000486;10008;
500000487;10008;
500000488;10002;
500000489;10022;
500000490;10002;
500000491;10022;
500000492;10004;
500000493;10011;
500000494;10018;
500000495;10013;
500000496;10055;
500000497;10006;
500000498;10016;
500000499;10016;
500000500;10028;
500000501;10005;
500000502;10005;
500000503;10005;
500000504;10056;
500000505;10006;
500000506;10005;
500000507;10029;
500000508;10017;
500000509;10002;
500000510;10009;
500000511;10011;
500000512;10014;
500000513;10006;Client Type 5
500000514;10006;
500000515;10028;
500000516;10028;
500000517;10008;
500000518;10057;
500000519;10006;
500000520;10057;
500000521;10058;
500000522;10006;
500000523;10035;
500000524;10059;
500000525;10060;
500000526;10058;
500000527;10057;
500000528;10058;
500000529;10058;
500000530;10057;
500000531;10060;
500000532;10058;
500000533;10057;
500000534;10058;
500000535;10010;
500000536;10029;Client Type 2
500000537;10010;
500000538;10010;
500000539;10010;
500000540;10010;
500000541;10010;
500000542;10061;
500000543;10058;
500000544;10057;
500000545;10062;
500000546;10057;
500000547;10057;
500000548;10004;
500000549;10057;
500000550;10058;
500000551;10032;
500000552;10058;
500000553;10058;
500000554;10058;
500000555;10060;
500000556;10008;
500000557;10063;
500000558;10057;
500000559;10058;
500000560;10064;
500000561;10057;
500000562;10058;
500000563;10058;
500000564;10058;
500000565;10058;
500000566;10004;
500000567;10004;
500000568;10057;
500000569;10057;
500000570;10058;
500000571;10057;
500000572;10002;
500000573;10002;
500000574;10002;
500000575;10002;
500000576;10058;
500000577;10057;
500000578;10065;
500000579;10066;
500000580;10067;
500000581;10067;
500000582;10067;
500000583;10014;
500000584;10019;
500000585;10018;
500000586;10050;
500000587;10068;
500000588;10069;
500000589;10070;
500000590;10071;
500000591;10072;
500000592;10050;
500000593;10064;
500000594;10073;
500000595;10074;
500000596;10075;
500000597;10076;
500000598;10073;
500000599;10033;
500000600;10006;
500000601;10006;
500000602;10012;
500000603;10052;
500000604;10039;
500000605;10060;
500000606;10060;
500000607;10077;
500000608;10078;
500000609;10079;
500000610;10080;
500000611;10081;Client Type 1
500000612;10015;
500000613;10019;
500000614;10029;
500000615;10060;
500000616;10009;
500000617;10009;
500000618;10016;
500000619;10016;
500000620;10016;
500000621;10015;
500000622;10019;
500000623;10006;
500000624;10010;
500000625;10018;Client Type 5
500000626;10014;
500000627;10006;
500000628;10028;
500000629;10028;
500000630;10028;
500000631;10028;
500000632;10028;
500000633;10028;
500000634;10015;
500000635;10019;
500000636;10019;
500000637;10019;
500000638;10015;
500000639;10015;
500000640;10017;
500000641;10006;
500000642;10010;
500000643;10015;
500000644;10015;
500000645;10015;
500000646;10015;
500000647;10017;
500000648;10019;
500000649;10010;
500000650;10013;
500000651;10015;
500000652;10042;
500000653;10009;
500000654;10006;
500000655;10005;
500000656;10005;
500000657;10006;
500000658;10006;
500000659;10006;
500000660;10014;
500000661;10082;
500000662;10082;
500000663;10023;
500000664;10008;
500000665;10010;
500000666;10010;
500000667;10015;
500000668;10004;
500000669;10004;
500000670;10004;
500000671;10004;
500000672;10023;
500000673;10015;
500000674;10015;
500000675;10013;
500000676;10044;
500000677;10015;
500000678;10032;
500000679;10042;
500000680;10016;
500000681;10010;
500000682;10018;
500000683;10008;
500000684;10019;
500000685;10032;
500000686;10018;
500000687;10056;
500000688;10083;
500000689;10011;
500000690;10023;
500000691;10084;
500000692;10085;
500000693;10006;
500000694;10057;
500000695;10086;
500000696;10018;
500000697;10083;
500000698;10005;
500000699;10018;
500000700;10035;
500000701;10004;
500000702;10018;
500000703;10011;
500000704;10008;
500000705;10009;
500000706;10002;
500000707;10002;
500000708;10010;
500000709;10008;
500000710;10016;
500000711;10087;
500000712;10087;
500000713;10012;
500000714;10013;
500000715;10015;
500000716;10044;
500000717;10020;
500000718;10002;
500000719;10015;
500000720;10008;
500000721;10021;
500000722;10021;
500000723;10010;
500000724;10033;
500000725;10002;
500000726;10048;
500000727;10004;
500000728;10011;
500000729;10008;
500000730;10044;
500000731;10018;Client Type 2
500000732;10088;
500000733;10088;
500000734;10088;
500000735;10004;
500000736;10072;
500000737;10072;
500000738;10088;
500000739;10072;
500000740;10072;
500000741;10029;
500000742;10079;
500000743;10008;
500000744;10010;
500000745;10010;
500000746;10006;
500000747;10006;
500000748;10006;
500000749;10005;
500000750;10014;
500000751;10009;
500000752;10006;
500000753;10006;
500000754;10089;
500000755;10006;
500000756;10010;
500000757;10018;
500000758;10002;
500000759;10046;
500000760;10004;
500000761;10006;
500000762;10074;
500000763;10010;
500000764;10046;
500000765;10030;
500000766;10090;
500000767;10006;
500000768;10006;
500000769;10001;
500000770;10014;
500000771;10018;
500000772;10002;
500000773;10018;
500000774;10016;
500000775;10018;
500000776;10015;
500000777;10019;
500000778;10014;
500000779;10033;
500000780;10011;
500000781;10091;
500000782;10018;
500000783;10006;
500000784;10022;
500000785;10005;
500000786;10020;
500000787;10008;
500000788;10005;
500000789;10018;
500000790;10024;
500000791;10090;
500000792;10015;
500000793;10072;
500000794;10092;
500000795;10043;
500000796;10072;
500000797;10072;
500000798;10072;
500000799;10072;
500000800;10072;
500000801;10072;
500000802;10072;
500000803;10072;
500000804;10072;
500000805;10072;
500000806;10072;
500000807;10072;
500000808;10072;
500000809;10072;
500000810;10033;
500000811;10048;
500000812;10008;
500000813;10022;
500000814;10022;
500000815;10016;
500000816;10017;
500000817;10016;
500000818;10016;
500000819;10016;
500000820;10072;
500000821;10016;
500000822;10016;
500000823;10016;
500000824;10016;
500000825;10016;
500000826;10016;
500000827;10093;
500000828;10094;
500000829;10033;
500000830;10018;
500000831;10016;
500000832;10016;
500000833;10010;
500000834;10015;
500000835;10006;
500000836;10030;
500000837;10041;
500000838;10006;
500000839;10044;
500000840;10029;
500000841;10010;
500000842;10008;
500000843;10008;
500000844;10010;
500000845;10056;
500000846;10019;
500000847;10095;
500000848;10033;
500000849;10011;
500000850;10008;
500000851;10010;
500000852;10008;
500000853;10006;
500000854;10010;
500000855;10088;
500000856;10018;
500000857;10019;
500000858;10006;
500000859;10096;
500000860;10014;
500000861;10015;
500000862;10041;
500000863;10004;Client Type 1
500000864;10002;
500000865;10077;
500000866;10004;
500000867;10018;
500000868;10004;
500000869;10018;
500000870;10042;
500000871;10015;
500000872;10005;
500000873;10014;
500000874;10058;
500000875;10097;
500000876;10064;
500000877;10097;
500000878;10057;
500000879;10058;
500000880;10098;
500000881;10058;
500000882;10058;
500000883;10060;
500000884;10006;
500000885;10006;
500000886;10004;
500000887;10058;
500000888;10057;
500000889;10006;Client Type 1
500000890;10067;
500000891;10067;
500000892;10067;
500000893;10067;
500000894;10046;
500000895;10057;
500000896;10014;
500000897;10018;
500000898;10006;
500000899;10022;
500000900;10008;
500000901;10033;
500000902;10041;
500000903;10006;Client Type 1
500000904;10002;
500000905;10022;
500000906;10019;
500000907;10020;
500000908;10016;
500000909;10087;
500000910;10004;
500000911;10011;
500000912;10002;
500000913;10005;
500000914;10005;
500000915;10027;
500000916;10027;
500000917;10027;
500000918;10005;
500000919;10086;
500000920;10006;
500000921;10018;
500000922;10017;Client Type 6
500000923;10099;
500000924;10008;
500000925;10006;
500000926;10018;
500000927;10086;
500000928;10005;
500000929;10100;
500000930;10101;
500000931;10002;
500000932;10020;
500000933;10010;
500000934;10029;
500000935;10029;
500000936;10029;
500000937;10019;
500000938;10010;
500000939;10013;
500000940;10006;
500000941;10006;
500000942;10020;
500000943;10008;
500000944;10044;
500000945;10016;
500000946;10012;
500000947;10029;
500000948;10015;
500000949;10005;
500000950;10038;
500000951;10016;
500000952;10005;
500000953;10102;
500000954;10090;
500000955;10048;
500000956;10010;
500000957;10004;
500000958;10004;
500000959;10103;
500000960;10104;
500000961;10057;
500000962;10011;
500000963;10104;
500000964;10082;
500000965;10057;
500000966;10012;
500000967;10014;
500000968;10004;
500000969;10006;
500000970;10029;
500000971;10029;
500000972;10024;
500000973;10011;
500000974;10058;
500000975;10012;
500000976;10006;
500000977;10044;
500000978;10105;
500000979;10014;
500000980;10010;
500000981;10006;
500000982;10011;
500000983;10015;
500000984;10012;
500000985;10009;
500000986;10008;
500000987;10086;
500000988;10016;
500000989;10106;
500000990;10016;
500000991;10018;
500000992;10107;
500000993;10012;
500000994;10108;
500000995;10012;
500000996;10017;
500000997;10105;
500000998;10014;
500000999;10006;
500001000;10018;
500001001;10030;
500001002;10030;
500001003;10011;Client Type 6
500001004;10033;
500001005;10013;
500001006;10109;
500001007;10018;
500001008;10010;
500001009;10013;
500001010;10010;
500001011;10029;
500001012;10086;
500001013;10005;
500001014;10006;
500001015;10014;
500001016;10006;
500001017;10004;
500001018;10018;
500001019;10095;
500001020;10018;
500001021;10110;
500001022;10107;
500001023;10014;
500001024;10032;
500001025;10033;
500001026;10005;
500001027;10005;
500001028;10013;
500001029;10004;
500001030;10022;
500001031;10009;
500001032;10102;
500001033;10010;
500001034;10111;
500001035;10046;
500001036;10102;
500001037;10112;
500001038;10113;
500001039;10014;
500001040;10042;
500001041;10009;
500001042;10086;
500001043;10009;
500001044;10114;
500001045;10016;
500001046;10018;
500001047;10002;
500001048;10009;
500001049;10082;
500001050;10024;
500001051;10005;
500001052;10016;
500001053;10102;
500001054;10042;
500001055;10009;
500001056;10015;
500001057;10015;
500001058;10031;
500001059;10115;
500001060;10009;
500001061;10016;
500001062;10031;
500001063;10042;
500001064;10009;
500001065;10016;
500001066;10016;
500001067;10042;
500001068;10116;
500001069;10044;
500001070;10041;
500001071;10040;
500001072;10040;
500001073;10044;
500001074;10018;
500001075;10105;
500001076;10117;
500001077;10117;
500001078;10117;
500001079;10117;
500001080;10117;
500001081;10117;
500001082;10117;
500001083;10117;
500001084;10117;
500001085;10117;
500001086;10117;
500001087;10117;
500001088;10117;
500001089;10102;
500001090;10015;
500001091;10008;
500001092;10032;
500001093;10032;
500001094;10118;
500001095;10073;
500001096;10074;
500001097;10033;
500001098;10014;
500001099;10005;
500001100;10002;
500001101;10119;
500001102;10002;
500001103;10061;
500001104;10062;
500001105;10097;
500001106;10058;
500001107;10058;
500001108;10058;
500001109;10058;
500001110;10058;
500001111;10058;
500001112;10058;
500001113;10058;
500001114;10058;
500001115;10058;
500001116;10058;
500001117;10015;
500001118;10033;
500001119;10017;
500001120;10005;
500001121;10004;
500001122;10001;Client Type 1
500001123;10004;
500001124;10064;
500001125;10056;
500001126;10012;
500001127;10016;
500001128;10022;
500001129;10117;
500001130;10057;
500001131;10012;
500001132;10006;
500001133;10002;
500001134;10093;
500001135;10010;
500001136;10090;
500001137;10002;
500001138;10004;
500001139;10090;
500001140;10010;
500001141;10009;
500001142;10043;
500001143;10043;
500001144;10043;
500001145;10043;
500001146;10043;
500001147;10120;
500001148;10005;
500001149;10004;
500001150;10014;
500001151;10019;
500001152;10006;
500001153;10046;
500001154;10014;
500001155;10057;
500001156;10036;
500001157;10057;
500001158;10006;
500001159;10006;
500001160;10006;
500001161;10044;
500001162;10018;
500001163;10011;
500001164;10014;
500001165;10002;
500001166;10004;
500001167;10018;
500001168;10004;
500001169;10018;
500001170;10011;
500001171;10014;
500001172;10027;
500001173;10010;
500001174;10035;
500001175;10014;
500001176;10014;
500001177;10057;
500001178;10057;
500001179;10056;
500001180;10006;
500001181;10006;
500001182;10018;
500001183;10018;
500001184;10014;
500001185;10020;
500001186;10020;
500001187;10020;Client Type 3
500001188;10011;
500001189;10121;
500001190;10008;
500001191;10014;
500001192;10008;
500001193;10008;
500001194;10004;
500001195;10018;
500001196;10022;
500001197;10034;
500001198;10015;
500001199;10014;
500001200;10023;
500001201;10027;
500001202;10008;
500001203;10017;
500001204;10022;
500001205;10022;
500001206;10022;
500001207;10022;
500001208;10011;
500001209;10022;
500001210;10056;
500001211;10043;
500001212;10043;
500001213;10043;
500001214;10022;
500001215;10022;
500001216;10002;
500001217;10029;
500001218;10029;
500001219;10014;
500001220;10004;
500001221;10020;
500001222;10014;
500001223;10023;
500001224;10008;
500001225;10002;
500001226;10010;
500001227;10014;
500001228;10008;
500001229;10008;
500001230;10014;
500001231;10018;
500001232;10006;
500001233;10005;
500001234;10101;
500001235;10046;
500001236;10014;
500001237;10014;
500001238;10013;
500001239;10012;
500001240;10006;
500001241;10022;
500001242;10019;
500001243;10056;
500001244;10010;
500001245;10006;
500001246;10022;
500001247;10014;
500001248;10086;
500001249;10002;
500001250;10004;
500001251;10095;
500001252;10008;
500001253;10008;
500001254;10007;
500001255;10029;
500001256;10014;
500001257;10002;
500001258;10027;
500001259;10011;
500001260;10006;
500001261;10002;
500001262;10014;Client Type 2
500001263;10042;
500001264;10023;
500001265;10057;
500001266;10013;
500001267;10033;
500001268;10013;
500001269;10018;
500001270;10042;
500001271;10014;
500001272;10090;
500001273;10002;
500001274;10004;
500001275;10014;
500001276;10004;
500001277;10018;
500001278;10038;
500001279;10016;
500001280;10004;
500001281;10002;
500001282;10008;
500001283;10023;
500001284;10122;
500001285;10004;
500001286;10010;
500001287;10031;
500001288;10114;
500001289;10014;
500001290;10008;
500001291;10010;Client Type 1
500001292;10009;
500001293;10014;
500001294;10005;
500001295;10018;
500001296;10018;
500001297;10008;
500001298;10044;
500001299;10018;
500001300;10009;
500001301;10009;
500001302;10022;
500001303;10014;
500001304;10042;
500001305;10042;
500001306;10009;
500001307;10014;
500001308;10016;
500001309;10009;
500001310;10016;
500001311;10031;
500001312;10014;
500001313;10016;
500001314;10020;
500001315;10002;
500001316;10029;
500001317;10011;
500001318;10018;
500001319;10008;
500001320;10031;
500001321;10031;
500001322;10037;
500001323;10036;
500001324;10011;
500001325;10042;
500001326;10014;
500001327;10030;
500001328;10123;
500001329;10004;
500001330;10008;
500001331;10090;
500001332;10008;
500001333;10056;
500001334;10090;
500001335;10124;
500001336;10002;
500001337;10125;
500001338;10008;
500001339;10056;
500001340;10005;
500001341;10004;
500001342;10035;
500001343;10058;
500001344;10058;
500001345;10097;
500001346;10097;
500001347;10097;
500001348;10006;
500001349;10002;
500001350;10002;
500001351;10002;
500001352;10057;
500001353;10063;
500001354;10126;
500001355;10006;
500001356;10006;
500001357;10044;
500001358;10006;
500001359;10056;
500001360;10127;
500001361;10058;
500001362;10057;
500001363;10029;
500001364;10128;
500001365;10024;
500001366;10002;
500001367;10009;
500001368;10016;
500001369;10101;
500001370;10029;
500001371;10014;
500001372;10018;
500001373;10017;
500001374;10004;
500001375;10008;
500001376;10002;
500001377;10017;
500001378;10002;
500001379;10010;
500001380;10002;
500001381;10002;
500001382;10002;
500001383;10008;
500001384;10004;
500001385;10008;
500001386;10008;
500001387;10014;
500001388;10014;
500001389;10051;
500001390;10002;
500001391;10027;
500001392;10006;
500001393;10127;
500001394;10064;
500001395;10064;
500001396;10064;
500001397;10064;
500001398;10010;
500001399;10033;
500001400;10018;
500001401;10023;
500001402;10086;
500001403;10056;
500001404;10006;
500001405;10083;
500001406;10037;
500001407;10031;
500001408;10010;
500001409;10058;
500001410;10058;
500001411;10020;
500001412;10006;
500001413;10035;Client Type 6
500001414;10008;
500001415;10002;
500001416;10005;
500001417;10035;
500001418;10031;
500001419;10029;
500001420;10004;
500001421;10086;
500001422;10020;
500001423;10016;
500001424;10017;
500001425;10002;
500001426;10017;
500001427;10022;
500001428;10017;
500001429;10029;
500001430;10029;
500001431;10002;
500001432;10008;
500001433;10004;
500001434;10004;
500001435;10004;
500001436;10008;
500001437;10004;
500001438;10010;
500001439;10010;
500001440;10005;
500001441;10010;
500001442;10004;
500001443;10015;
500001444;10023;
500001445;10027;
500001446;10004;
500001447;10004;
500001448;10010;
500001449;10006;
500001450;10010;
500001451;10030;
500001452;10029;
500001453;10003;
500001454;10008;
500001455;10008;
500001456;10032;
500001457;10002;
500001458;10004;
500001459;10006;
500001460;10056;
500001461;10033;
500001462;10037;
500001463;10027;
500001464;10003;
500001465;10033;
500001466;10035;
500001467;10008;
500001468;10016;
500001469;10009;
500001470;10008;
500001471;10008;
500001472;10008;
500001473;10008;
500001474;10008;
500001475;10008;
500001476;10008;
500001477;10012;
500001478;10013;
500001479;10051;
500001480;10016;
500001481;10002;
500001482;10008;
500001483;10008;
500001484;10006;
500001485;10031;
500001486;10024;
500001487;10029;
500001488;10030;
500001489;10056;
500001490;10010;
500001491;10129;
500001492;10029;
500001493;10004;
500001494;10011;
500001495;10013;
500001496;10029;Client Type 2
500001497;10022;
500001498;10004;
500001499;10006;
500001500;10010;
500001501;10006;
500001502;10006;
500001503;10008;
500001504;10010;
500001505;10019;
500001506;10019;
500001507;10114;
500001508;10022;
500001509;10114;
500001510;10015;
500001511;10010;
500001512;10021;
500001513;10002;
500001514;10008;
500001515;10006;
500001516;10002;
500001517;10004;
500001518;10010;
500001519;10010;
500001520;10009;
500001521;10016;
500001522;10008;
500001523;10024;
500001524;10042;
500001525;10042;
500001526;10042;
500001527;10008;
500001528;10010;
500001529;10010;
500001530;10008;
500001531;10010;
500001532;10029;
500001533;10029;
500001534;10029;
500001535;10013;
500001536;10008;
500001537;10008;
500001538;10030;
500001539;10027;
500001540;10006;
500001541;10014;
500001542;10044;
500001543;10018;
500001544;10008;
500001545;10018;
500001546;10014;
500001547;10018;
500001548;10011;
500001549;10124;
500001550;10041;
500001551;10002;
500001552;10072;
500001553;10010;
500001554;10008;Client Type 6
500001555;10036;
500001556;10041;
500001557;10011;
500001558;10011;
500001559;10006;
500001560;10006;
500001561;10006;
500001562;10006;
500001563;10057;
500001564;10058;
500001565;10058;
500001566;10058;
500001567;10058;
500001568;10058;
500001569;10058;
500001570;10002;
500001571;10006;
500001572;10022;
500001573;10044;
500001574;10130;
500001575;10022;
500001576;10022;
500001577;10022;
500001578;10022;
500001579;10006;
500001580;10058;
500001581;10016;
500001582;10023;
500001583;10004;
500001584;10058;
500001585;10101;
500001586;10037;
500001587;10037;
500001588;10037;
500001589;10015;
500001590;10017;
500001591;10004;
500001592;10009;
500001593;10004;
500001594;10020;
500001595;10002;
500001596;10023;
500001597;10020;
500001598;10018;
500001599;10017;
500001600;10029;
500001601;10029;
500001602;10002;
500001603;10029;
500001604;10010;
500001605;10004;
500001606;10008;
500001607;10008;
500001608;10010;
500001609;10008;
500001610;10004;
500001611;10014;
500001612;10027;
500001613;10004;
500001614;10027;
500001615;10014;
500001616;10014;
500001617;10023;
500001618;10008;
500001619;10019;
500001620;10019;
500001621;10002;
500001622;10023;
500001623;10004;
500001624;10018;Client Type 1
500001625;10029;
500001626;10008;
500001627;10008;
500001628;10008;
500001629;10004;
500001630;10004;
500001631;10008;
500001632;10002;
500001633;10002;
500001634;10029;
500001635;10002;
500001636;10002;
500001637;10029;
500001638;10024;
500001639;10014;
500001640;10072;
500001641;10072;
500001642;10072;
500001643;10035;Client Type 2
500001644;10009;
500001645;10004;
500001646;10072;
500001647;10004;
500001648;10013;
500001649;10051;
500001650;10011;
500001651;10006;
500001652;10006;
500001653;10011;
500001654;10008;
500001655;10014;
500001656;10006;
500001657;10002;
500001658;10058;
500001659;10058;
500001660;10101;
500001661;10101;
500001662;10101;
500001663;10014;
500001664;10014;
500001665;10010;
500001666;10004;
500001667;10004;
500001668;10004;
500001669;10014;
500001670;10010;
500001671;10011;
500001672;10011;
500001673;10008;
500001674;10010;
500001675;10027;
500001676;10014;
500001677;10004;
500001678;10004;
500001679;10004;
500001680;10004;
500001681;10004;
500001682;10004;
500001683;10083;
500001684;10008;
500001685;10006;
500001686;10009;
500001687;10032;
500001688;10035;
500001689;10006;
500001690;10056;
500001691;10131;
500001692;10009;
500001693;10033;
500001694;10090;
500001695;10010;
500001696;10033;
500001697;10132;
500001698;10079;
500001699;10002;
500001700;10005;
500001701;10008;
500001702;10072;
500001703;10020;
500001704;10116;
500001705;10016;
500001706;10072;
500001707;10018;
500001708;10014;
500001709;10033;Client Type 1
500001710;10122;
500001711;10083;
500001712;10122;
500001713;10032;
500001714;10083;
500001715;10101;
500001716;10022;
500001717;10018;
500001718;10018;
500001719;10010;
500001720;10010;
500001721;10014;
500001722;10014;
500001723;10010;
500001724;10014;
500001725;10033;
500001726;10033;
500001727;10002;
500001728;10002;
500001729;10013;
500001730;10125;
500001731;10018;
500001732;10095;
500001733;10023;
500001734;10004;
500001735;10042;
500001736;10004;
500001737;10004;
500001738;10032;
500001739;10017;
500001740;10090;
500001741;10036;
500001742;10035;Client Type 2
500001743;10004;
500001744;10133;
500001745;10023;
500001746;10002;
500001747;10008;Client Type 2
500001748;10004;
500001749;10014;
500001750;10017;
500001751;10008;
500001752;10027;
500001753;10004;
500001754;10010;
500001755;10064;
500001756;10010;
500001757;10004;
500001758;10014;
500001759;10008;
500001760;10008;
500001761;10033;
500001762;10134;
500001763;10032;
500001764;10135;
500001765;10042;
500001766;10086;Client Type 6
500001767;10014;
500001768;10004;
500001769;10014;
500001770;10135;
500001771;10136;
500001772;10012;
500001773;10002;
500001774;10006;
500001775;10011;
500001776;10030;
500001777;10036;
500001778;10003;
500001779;10010;
500001780;10008;
500001781;10010;
500001782;10091;
500001783;10004;
500001784;10024;
500001785;10011;
500001786;10005;
500001787;10011;
500001788;10083;
500001789;10137;
500001790;10002;
500001791;10030;
500001792;10012;
500001793;10018;
500001794;10086;
500001795;10011;
500001796;10035;
500001797;10004;
500001798;10036;
500001799;10122;
500001800;10011;
500001801;10004;
500001802;10007;
500001803;10013;
500001804;10037;
500001805;10004;Client Type 1
500001806;10016;
500001807;10005;
500001808;10016;
500001809;10010;
500001810;10010;
500001811;10004;
500001812;10011;
500001813;10013;
500001814;10095;
500001815;10004;
500001816;10008;
500001817;10030;
500001818;10004;
500001819;10002;
500001820;10002;
500001821;10006;
500001822;10032;
500001823;10036;
500001824;10014;
500001825;10006;
500001826;10104;
500001827;10104;
500001828;10104;
500001829;10013;
500001830;10011;Client Type 6
500001831;10104;
500001832;10104;
500001833;10104;
500001834;10008;
500001835;10032;Client Type 2
500001836;10032;
500001837;10037;
500001838;10104;
500001839;10013;
500001840;10016;
500001841;10005;
500001842;10022;
500001843;10022;
500001844;10029;
500001845;10014;
500001846;10073;
500001847;10029;
500001848;10035;
500001849;10013;
500001850;10002;
500001851;10037;
500001852;10010;
500001853;10002;
500001854;10002;
500001855;10057;
500001856;10002;
500001857;10138;
500001858;10035;Client Type 2
500001859;10016;
500001860;10023;
500001861;10004;
500001862;10004;
500001863;10022;
500001864;10014;
500001865;10008;
500001866;10139;
500001867;10014;
500001868;10042;
500001869;10058;
500001870;10058;
500001871;10006;
500001872;10016;
500001873;10017;
500001874;10102;
500001875;10006;
500001876;10008;
500001877;10010;
500001878;10023;
500001879;10072;
500001880;10024;
500001881;10024;
500001882;10024;
500001883;10008;
500001884;10072;
500001885;10010;
500001886;10013;
500001887;10008;
500001888;10035;
500001889;10050;
500001890;10027;
500001891;10006;
500001892;10018;
500001893;10002;
500001894;10002;
500001895;10002;
500001896;10008;
500001897;10022;
500001898;10004;
500001899;10009;
500001900;10013;
500001901;10010;Client Type 2
500001902;10018;
500001903;10104;
500001904;10140;
500001905;10014;
500001906;10030;
500001907;10002;
500001908;10086;
500001909;10029;
500001910;10006;
500001911;10043;
500001912;10004;
500001913;10029;
500001914;10015;
500001915;10031;
500001916;10014;
500001917;10009;
500001918;10110;
500001919;10029;Client Type 2
500001920;10014;
500001921;10011;
500001922;10020;
500001923;10037;
500001924;10011;
500001925;10010;
500001926;10131;
500001927;10011;
500001928;10119;
500001929;10014;
500001930;10008;
500001931;10033;
500001932;10004;
500001933;10020;
500001934;10004;
500001935;10029;
500001936;10024;
500001937;10024;
500001938;10029;
500001939;10033;
500001940;10002;
500001941;10033;
500001942;10004;
500001943;10020;
500001944;10010;
500001945;10072;
500001946;10072;
500001947;10072;
500001948;10072;
500001949;10072;
500001950;10072;
500001951;10072;
500001952;10008;
500001953;10009;
500001954;10036;
500001955;10052;
500001956;10035;
500001957;10010;
500001958;10086;
500001959;10033;
500001960;10033;
500001961;10010;
500001962;10002;
500001963;10141;
500001964;10141;
500001965;10027;
500001966;10009;
500001967;10006;
500001968;10002;
500001969;10033;
500001970;10027;
500001971;10005;
500001972;10034;
500001973;10005;
500001974;10033;
500001975;10004;
500001976;10012;
500001977;10036;
500001978;10004;
500001979;10058;
500001980;10033;
500001981;10002;
500001982;10012;
500001983;10022;
500001984;10004;
500001985;10142;
500001986;10016;
500001987;10028;
500001988;10028;
500001989;10029;
500001990;10008;
500001991;10012;
500001992;10016;
500001993;10010;
500001994;10013;
500001995;10004;
500001996;10004;Client Type 2
500001997;10002;
500001998;10048;
500001999;10006;
500002000;10035;
500002001;10035;
500002002;10008;
500002003;10014;
500002004;10008;
500002005;10004;
500002006;10006;
500002007;10014;
500002008;10010;
500002009;10009;
500002010;10014;
500002011;10014;
500002012;10014;
500002013;10014;
500002014;10014;
500002015;10014;
500002016;10014;
500002017;10014;
500002018;10014;
500002019;10014;
500002020;10141;
500002021;10014;
500002022;10010;
500002023;10010;
500002024;10014;
500002025;10023;
500002026;10014;
500002027;10011;Client Type 2
500002028;10014;
500002029;10014;
500002030;10014;
500002031;10011;
500002032;10017;
500002033;10014;
500002034;10023;
500002035;10022;
500002036;10002;
500002037;10008;
500002038;10056;
500002039;10143;
500002040;10002;
500002041;10013;
500002042;10013;
500002043;10013;
500002044;10022;
500002045;10014;
500002046;10014;
500002047;10123;
500002048;10008;
500002049;10024;
500002050;10072;
500002051;10072;
500002052;10004;
500002053;10019;
500002054;10019;
500002055;10015;
500002056;10002;
500002057;10057;
500002058;10019;
500002059;10040;
500002060;10037;Client Type 1
500002061;10086;
500002062;10032;
500002063;10032;
500002064;10032;
500002065;10032;
500002066;10033;
500002067;10086;
500002068;10004;
500002069;10006;
500002070;10008;
500002071;10008;Client Type 1
500002072;10032;
500002073;10008;
500002074;10008;
500002075;10027;
500002076;10122;
500002077;10029;
500002078;10002;
500002079;10006;
500002080;10144;
500002081;10144;
500002082;10003;
500002083;10036;
500002084;10011;
500002085;10011;
500002086;10008;
500002087;10005;
500002088;10010;
500002089;10020;Client Type 1
500002090;10033;Client Type 7
500002091;10008;
500002092;10033;
500002093;10022;
500002094;10022;
500002095;10144;
500002096;10016;
500002097;10018;
500002098;10010;
500002099;10022;
500002100;10022;
500002101;10100;
500002102;10007;
500002103;10027;
500002104;10007;
500002105;10007;
500002106;10145;
500002107;10007;
500002108;10007;
500002109;10007;
500002110;10007;
500002111;10007;
500002112;10007;
500002113;10007;
500002114;10007;
500002115;10007;
500002116;10007;
500002117;10007;
500002118;10035;
500002119;10072;
500002120;10037;Client Type 1
500002121;10002;
500002122;10015;
500002123;10011;
500002124;10010;
500002125;10010;
500002126;10027;
500002127;10013;
500002128;10091;
500002129;10091;
500002130;10056;
500002131;10007;
500002132;10007;
500002133;10058;
500002134;10006;
500002135;10014;
500002136;10122;
500002137;10058;
500002138;10024;
500002139;10066;
500002140;10058;
500002141;10058;
500002142;10022;
500002143;10005;
500002144;10014;
500002145;10035;
500002146;10006;
500002147;10008;
500002148;10010;
500002149;10087;
500002150;10012;
500002151;10018;
500002152;10018;
500002153;10018;
500002154;10012;
500002155;10035;
500002156;10006;
500002157;10011;
500002158;10008;
500002159;10027;
500002160;10029;
500002161;10006;
500002162;10011;
500002163;10014;
500002164;10016;
500002165;10006;
500002166;10024;
500002167;10146;
500002168;10008;
500002169;10032;
500002170;10022;
500002171;10002;
500002172;10010;
500002173;10067;
500002174;10105;
500002175;10090;
500002176;10017;Client Type 1
500002177;10008;
500002178;10005;
500002179;10005;
500002180;10008;
500002181;10004;
500002182;10083;
500002183;10097;
500002184;10100;
500002185;10029;
500002186;10003;
500002187;10015;
500002188;10042;
500002189;10011;
500002190;10015;
500002191;10033;
500002192;10033;
500002193;10007;
500002194;10007;
500002195;10002;Client Type 1
500002196;10066;Client Type 4
500002197;10006;
500002198;10006;
500002199;10033;
500002200;10018;
500002201;10014;
500002202;10090;
500002203;10014;
500002204;10014;
500002205;10019;
500002206;10006;
500002207;10018;
500002208;10033;
500002209;10014;
500002210;10147;
500002211;10014;
500002212;10009;
500002213;10032;
500002214;10031;
500002215;10006;
500002216;10006;
500002217;10086;
500002218;10086;
500002219;10140;
500002220;10140;
500002221;10140;
500002222;10140;
500002223;10140;
500002224;10140;
500002225;10140;
500002226;10140;
500002227;10140;
500002228;10140;
500002229;10140;
500002230;10140;
500002231;10140;
500002232;10140;
500002233;10140;
500002234;10140;
500002235;10140;
500002236;10140;
500002237;10140;
500002238;10140;
500002239;10140;
500002240;10140;
500002241;10140;
500002242;10140;
500002243;10140;
500002244;10140;
500002245;10140;
500002246;10140;
500002247;10140;
500002248;10140;
500002249;10002;
500002250;10140;
500002251;10140;
500002252;10140;
500002253;10004;
500002254;10014;
500002255;10010;
500002256;10036;
500002257;10014;
500002258;10013;
500002259;10036;
500002260;10008;
500002261;10020;
500002262;10140;
500002263;10044;
500002264;10148;
500002265;10010;
500002266;10004;
500002267;10033;Client Type 1
500002268;10018;
500002269;10041;
500002270;10029;Client Type 2
500002271;10010;
500002272;10033;
500002273;10008;
500002274;10014;
500002275;10023;
500002276;10011;
500002277;10002;
500002278;10028;
500002279;10014;
500002280;10036;
500002281;10036;
500002282;10006;
500002283;10011;
500002284;10014;
500002285;10036;
500002286;10029;
500002287;10033;
500002288;10017;
500002289;10010;
500002290;10023;
500002291;10029;
500002292;10020;
500002293;10033;
500002294;10037;
500002295;10035;
500002296;10101;
500002297;10023;
500002298;10090;
500002299;10140;
500002300;10090;
500002301;10029;
500002302;10015;
500002303;10002;
500002304;10033;
500002305;10033;
500002306;10010;
500002307;10002;
500002308;10122;
500002309;10014;
500002310;10010;
500002311;10023;
500002312;10052;
500002313;10014;
500002314;10029;
500002315;10029;
500002316;10008;
500002317;10008;
500002318;10008;
500002319;10008;
500002320;10100;
500002321;10008;
500002322;10008;
500002323;10010;
500002324;10002;
500002325;10014;
500002326;10014;
500002327;10014;
500002328;10033;
500002329;10014;
500002330;10014;
500002331;10018;
500002332;10124;
500002333;10004;
500002334;10002;
500002335;10010;
500002336;10010;
500002337;10010;
500002338;10014;
500002339;10029;
500002340;10010;
500002341;10008;
500002342;10010;
500002343;10036;
500002344;10085;
500002345;10017;
500002346;10006;
500002347;10002;
500002348;10008;
500002349;10027;
500002350;10022;
500002351;10014;
500002352;10060;
500002353;10033;
500002354;10008;
500002355;10002;
500002356;10008;
500002357;10035;
500002358;10008;
500002359;10010;
500002360;10023;
500002361;10035;
500002362;10057;
500002363;10002;
500002364;10006;
500002365;10014;
500002366;10036;
500002367;10002;
500002368;10029;
500002369;10033;
500002370;10014;
500002371;10014;
500002372;10008;
500002373;10072;
500002374;10052;
500002375;10052;
500002376;10009;
500002377;10010;
500002378;10008;
500002379;10008;
500002380;10014;
500002381;10011;
500002382;10010;
500002383;10029;
500002384;10014;
500002385;10149;
500002386;10027;
500002387;10008;
500002388;10010;
500002389;10010;
500002390;10014;
500002391;10014;
500002392;10014;
500002393;10006;Client Type 1
500002394;10020;
500002395;10007;
500002396;10033;
500002397;10014;
500002398;10010;
500002399;10004;
500002400;10004;
500002401;10015;
500002402;10009;
500002403;10002;
500002404;10022;
500002405;10017;
500002406;10017;
500002407;10044;
500002408;10112;
500002409;10011;
500002410;10051;
500002411;10020;
500002412;10046;
500002413;10018;
500002414;10010;
500002415;10004;
500002416;10008;
500002417;10008;
500002418;10008;
500002419;10022;
500002420;10002;
500002421;10101;
500002422;10150;
500002423;10018;Client Type 4
500002424;10010;
500002425;10004;
500002426;10014;
500002427;10018;
500002428;10010;
500002429;10046;
500002430;10002;
500002431;10018;
500002432;10013;
500002433;10010;
500002434;10058;
500002435;10008;
500002436;10010;
500002437;10010;
500002438;10004;
500002439;10046;
500002440;10151;
500002441;10006;
500002442;10101;
500002443;10022;
500002444;10003;
500002445;10035;
500002446;10011;
500002447;10018;
500002448;10018;
500002449;10008;
500002450;10124;
500002451;10032;
500002452;10011;
500002453;10030;
500002454;10036;
500002455;10002;
500002456;10005;
500002457;10152;
500002458;10008;Client Type 2
500002459;10006;
500002460;10090;
500002461;10008;
500002462;10029;
500002463;10090;
500002464;10024;
500002465;10042;
500002466;10037;
500002467;10090;
500002468;10006;
500002469;10008;
500002470;10150;
500002471;10002;
500002472;10089;
500002473;10089;
500002474;10089;
500002475;10089;
500002476;10089;
500002477;10089;
500002478;10089;
500002479;10089;
500002480;10089;
500002481;10089;
500002482;10014;
500002483;10020;
500002484;10153;
500002485;10153;
500002486;10121;
500002487;10013;
500002488;10016;
500002489;10042;
500002490;10004;
500002491;10006;
500002492;10037;
500002493;10056;
500002494;10008;
500002495;10095;
500002496;10006;
500002497;10004;
500002498;10008;
500002499;10014;
500002500;10029;
500002501;10014;
500002502;10091;
500002503;10014;
500002504;10004;
500002505;10018;
500002506;10013;
500002507;10014;
500002508;10008;
500002509;10002;
500002510;10014;
500002511;10004;
500002512;10024;
500002513;10072;
500002514;10010;
500002515;10154;
500002516;10008;
500002517;10002;
500002518;10013;
500002519;10014;
500002520;10029;
500002521;10004;
500002522;10004;
500002523;10016;
500002524;10029;
500002525;10046;
500002526;10020;
500002527;10057;
500002528;10090;
500002529;10008;
500002530;10008;
500002531;10008;
500002532;10008;
500002533;10008;
500002534;10022;Client Type 2
500002535;10008;
500002536;10008;
500002537;10008;
500002538;10008;
500002539;10002;
500002540;10041;
500002541;10008;
500002542;10145;
500002543;10033;
500002544;10087;
500002545;10032;
500002546;10010;
500002547;10081;
500002548;10004;
500002549;10008;
500002550;10014;
500002551;10037;
500002552;10024;
500002553;10022;
500002554;10024;
500002555;10044;
500002556;10082;
500002557;10029;
500002558;10024;
500002559;10014;
500002560;10011;
500002561;10027;
500002562;10030;
500002563;10090;
500002564;10043;
500002565;10008;
500002566;10011;
500002567;10011;
500002568;10028;
500002569;10032;
500002570;10020;Client Type 4
500002571;10024;
500002572;10086;
500002573;10029;
500002574;10028;
500002575;10020;
500002576;10029;
500002577;10010;
500002578;10032;
500002579;10104;Client Type 3
500002580;10008;
500002581;10014;
500002582;10008;
500002583;10008;
500002584;10004;
500002585;10006;
500002586;10005;
500002587;10130;
500002588;10002;
500002589;10006;
500002590;10023;
500002591;10023;
500002592;10023;
500002593;10023;
500002594;10014;
500002595;10018;Client Type 1
500002596;10014;
500002597;10002;
500002598;10013;
500002599;10010;
500002600;10010;
500002601;10046;
500002602;10018;
500002603;10006;
500002604;10014;
500002605;10004;
500002606;10033;
500002607;10009;
500002608;10139;
500002609;10056;
500002610;10010;
500002611;10002;
500002612;10024;
500002613;10027;
500002614;10022;
500002615;10014;
500002616;10027;
500002617;10018;
500002618;10090;
500002619;10018;
500002620;10004;
500002621;10002;
500002622;10008;
500002623;10006;
500002624;10008;
500002625;10014;
500002626;10014;
500002627;10032;
500002628;10014;
500002629;10013;
500002630;10006;
500002631;10018;
500002632;10155;
500002633;10095;
500002634;10035;
500002635;10010;
500002636;10018;Client Type 1
500002637;10086;
500002638;10086;
500002639;10082;
500002640;10044;
500002641;10011;
500002642;10032;
500002643;10014;
500002644;10008;
500002645;10008;
500002646;10008;
500002647;10008;
500002648;10008;
500002649;10008;
500002650;10014;
500002651;10064;
500002652;10013;
500002653;10014;
500002654;10153;
500002655;10153;
500002656;10153;
500002657;10153;
500002658;10153;
500002659;10153;
500002660;10153;
500002661;10153;
500002662;10153;
500002663;10014;
500002664;10004;
500002665;10006;
500002666;10102;
500002667;10011;
500002668;10011;
500002669;10036;
500002670;10119;
500002671;10119;
500002672;10013;
500002673;10002;
500002674;10014;
500002675;10010;
500002676;10035;
500002677;10016;
500002678;10002;
500002679;10013;
500002680;10010;
500002681;10029;
500002682;10013;Client Type 6
500002683;10156;
500002684;10033;
500002685;10027;
500002686;10020;
500002687;10023;
500002688;10005;
500002689;10016;
500002690;10018;
500002691;10037;
500002692;10006;
500002693;10023;
500002694;10020;
500002695;10027;
500002696;10010;
500002697;10005;
500002698;10008;
500002699;10032;
500002700;10032;
500002701;10032;
500002702;10008;
500002703;10157;
500002704;10157;
500002705;10117;
500002706;10009;
500002707;10008;
500002708;10029;
500002709;10011;
500002710;10020;Client Type 2
500002711;10014;
500002712;10011;
500002713;10006;
500002714;10023;
500002715;10032;
500002716;10066;
500002717;10009;
500002718;10008;
500002719;10011;
500002720;10016;
500002721;10014;
500002722;10018;
500002723;10008;
500002724;10027;
500002725;10037;
500002726;10010;
500002727;10008;
500002728;10008;
500002729;10008;Client Type 2
500002730;10014;
500002731;10005;
500002732;10010;
500002733;10035;
500002734;10029;
500002735;10002;
500002736;10035;
500002737;10032;
500002738;10008;
500002739;10027;
500002740;10011;
500002741;10008;
500002742;10036;
500002743;10023;
500002744;10032;
500002745;10027;
500002746;10018;
500002747;10014;
500002748;10054;
500002749;10158;
500002750;10159;
500002751;10029;Client Type 1
500002752;10008;
500002753;10008;
500002754;10014;
500002755;10018;
500002756;10008;
500002757;10016;
500002758;10108;
500002759;10018;
500002760;10033;Client Type 2
500002761;10086;
500002762;10102;
500002763;10095;
500002764;10002;
500002765;10010;
500002766;10012;
500002767;10014;
500002768;10006;
500002769;10013;
500002770;10010;
500002771;10042;
500002772;10004;
500002773;10004;
500002774;10007;
500002775;10018;
500002776;10007;
500002777;10010;
500002778;10010;Client Type 1
500002779;10024;
500002780;10008;
500002781;10037;
500002782;10011;
500002783;10160;
500002784;10012;
500002785;10104;
500002786;10037;
500002787;10030;
500002788;10027;
500002789;10007;
500002790;10030;
500002791;10079;
500002792;10114;
500002793;10161;
500002794;10043;
500002795;10114;
500002796;10016;
500002797;10086;
500002798;10104;
500002799;10009;
500002800;10006;
500002801;10016;
500002802;10018;
500002803;10008;
500002804;10002;
500002805;10037;
500002806;10018;
500002807;10122;
500002808;10122;
500002809;10010;
500002810;10008;
500002811;10008;Client Type 1
500002812;10008;
500002813;10008;
500002814;10082;
500002815;10010;
500002816;10008;
500002817;10018;
500002818;10018;
500002819;10018;
500002820;10016;Client Type 8
500002821;10012;
500002822;10012;
500002823;10016;
500002824;10008;
500002825;10008;
500002826;10008;
500002827;10042;
500002828;10008;
500002829;10016;
500002830;10090;
500002831;10051;
500002832;10014;
500002833;10036;
500002834;10040;
500002835;10123;
500002836;10082;
500002837;10015;
500002838;10008;
500002839;10121;
500002840;10023;
500002841;10005;
500002842;10019;
500002843;10104;
500002844;10082;
500002845;10102;
500002846;10018;
500002847;10007;
500002848;10010;
500002849;10013;Client Type 9
500002850;10002;
500002851;10016;
500002852;10011;
500002853;10014;
500002854;10036;
500002855;10004;
500002856;10002;
500002857;10029;
500002858;10122;
500002859;10090;
500002860;10008;
500002861;10012;
500002862;10033;
500002863;10037;
500002864;10023;
500002865;10023;
500002866;10008;
500002867;10018;
500002868;10040;
500002869;10004;Client Type 6
500002870;10007;Client Type 1
500002871;10014;
500002872;10006;
500002873;10012;
500002874;10018;
500002875;10104;
500002876;10014;
500002877;10057;
500002878;10004;
500002879;10002;
500002880;10010;
500002881;10016;Client Type 2
500002882;10004;
500002883;10011;
500002884;10056;
500002885;10017;
500002886;10007;
500002887;10008;
500002888;10031;
500002889;10006;
500002890;10016;
500002891;10016;
500002892;10006;
500002893;10010;
500002894;10086;
500002895;10104;
500002896;10016;
500002897;10033;
500002898;10023;
500002899;10002;
500002900;10018;
500002901;10008;
500002902;10020;
500002903;10027;
500002904;10018;
500002905;10005;
500002906;10006;Client Type 4
500002907;10037;
500002908;10104;
500002909;10006;
500002910;10019;
500002911;10015;
500002912;10046;
500002913;10018;
500002914;10008;
500002915;10008;
500002916;10002;Client Type 10
500002917;10014;
500002918;10020;
500002919;10020;
500002920;10011;
500002921;10004;
500002922;10004;
500002923;10008;Client Type 1
500002924;10010;
500002925;10002;
500002926;10010;
500002927;10015;
500002928;10102;
500002929;10019;
500002930;10010;
500002931;10032;Client Type 3
500002932;10006;
500002933;10006;
500002934;10006;
500002935;10006;
500002936;10006;
500002937;10006;
500002938;10006;
500002939;10017;
500002940;10018;
500002941;10037;
500002942;10008;
500002943;10008;
500002944;10041;
500002945;10018;Client Type 8
500002946;10011;
500002947;10010;
500002948;10104;
500002949;10162;
500002950;10086;
500002951;10042;Client Type 2
500002952;10009;
500002953;10004;
500002954;10002;
500002955;10004;
500002956;10008;
500002957;10104;
500002958;10008;
500002959;10030;
500002960;10011;Client Type 2
500002961;10018;
500002962;10033;
500002963;10008;
500002964;10013;
500002965;10051;
500002966;10033;
500002967;10033;
500002968;10016;
500002969;10008;
500002970;10018;
500002971;10008;
500002972;10082;
500002973;10005;
500002974;10056;
500002975;10006;
500002976;10012;
500002977;10006;
500002978;10023;
500002979;10023;
500002980;10004;
500002981;10161;
500002982;10002;
500002983;10029;
500002984;10017;
500002985;10007;
500002986;10027;
500002987;10041;
500002988;10004;
500002989;10006;
500002990;10010;
500002991;10046;
500002992;10011;
500002993;10004;
500002994;10002;
500002995;10010;
500002996;10020;Client Type 1
500002997;10020;Client Type 1
500002998;10020;Client Type 1
500002999;10020;Client Type 1
500003000;10020;Client Type 1
500003001;10002;
500003002;10009;
500003003;10029;
500003004;10008;
500003005;10010;
500003006;10002;Client Type 3
500003007;10014;Client Type 3
500003008;10016;
500003009;10008;
500003010;10002;
500003011;10008;
500003012;10018;
500003013;10140;
500003014;10023;
500003015;10010;
500003016;10104;
500003017;10017;
500003018;10090;
500003019;10014;
500003020;10002;
500003021;10017;
500003022;10002;
500003023;10051;
500003024;10015;
500003025;10086;Client Type 2
500003026;10018;
500003027;10009;
500003028;10015;
500003029;10008;
500003030;10015;
500003031;10013;
500003032;10046;
500003033;10083;
500003034;10024;
500003035;10024;
500003036;10006;
500003037;10004;
500003038;10014;
500003039;10039;
500003040;10008;
500003041;10008;Client Type 1
500003042;10008;
500003043;10008;
500003044;10008;
500003045;10008;
500003046;10008;
500003047;10008;
500003048;10008;
500003049;10008;
500003050;10008;
500003051;10008;
500003052;10008;
500003053;10008;
500003054;10008;
500003055;10008;
500003056;10008;
500003057;10008;
500003058;10008;
500003059;10008;
500003060;10008;
500003061;10008;
500003062;10008;
500003063;10008;
500003064;10008;
500003065;10008;
500003066;10008;
500003067;10008;
500003068;10008;
500003069;10008;
500003070;10008;
500003071;10008;
500003072;10008;
500003073;10008;
500003074;10008;
500003075;10008;
500003076;10008;
500003077;10008;
500003078;10008;
500003079;10008;
500003080;10008;
500003081;10008;
500003082;10008;
500003083;10008;
500003084;10008;
500003085;10008;
500003086;10008;Client Type 1
500003087;10008;
500003088;10008;
500003089;10008;
500003090;10008;
500003091;10008;
500003092;10008;
500003093;10008;
500003094;10008;
500003095;10008;
500003096;10008;
500003097;10008;
500003098;10008;
500003099;10008;
500003100;10008;
500003101;10008;
500003102;10008;
500003103;10008;
500003104;10008;
500003105;10008;
500003106;10008;
500003107;10008;
500003108;10008;
500003109;10008;
500003110;10009;
500003111;10014;
500003112;10008;
500003113;10002;
500003114;10016;Client Type 1
500003115;10086;
500003116;10023;
500003117;10051;
500003118;10008;
500003119;10008;
500003120;10083;
500003121;10057;
500003122;10018;
500003123;10009;
500003124;10033;
500003125;10017;
500003126;10006;
500003127;10012;
500003128;10008;
500003129;10011;
500003130;10005;
500003131;10051;Client Type 6
500003132;10036;
500003133;10008;
500003134;10015;
500003135;10029;
500003136;10029;
500003137;10006;
500003138;10033;
500003139;10056;
500003140;10013;
500003141;10008;
500003142;10002;
500003143;10011;
500003144;10010;
500003145;10023;
500003146;10014;
500003147;10013;
500003148;10014;
500003149;10015;
500003150;10009;
500003151;10002;
500003152;10018;
500003153;10034;
500003154;10034;
500003155;10008;
500003156;10010;
500003157;10047;
500003158;10004;
500003159;10004;
500003160;10014;
500003161;10002;
500003162;10035;
500003163;10027;
500003164;10008;
500003165;10004;
500003166;10014;
500003167;10004;
500003168;10008;
500003169;10011;
500003170;10033;
500003171;10036;
500003172;10036;
500003173;10004;
500003174;10005;
500003175;10002;
500003176;10047;
500003177;10002;
500003178;10035;
500003179;10030;
500003180;10010;
500003181;10022;
500003182;10014;
500003183;10002;
500003184;10008;
500003185;10004;
500003186;10008;
500003187;10103;
500003188;10006;
500003189;10132;
500003190;10101;
500003191;10006;
500003192;10163;
500003193;10035;
500003194;10014;
500003195;10014;
500003196;10023;
500003197;10008;
500003198;10008;
500003199;10008;
500003200;10036;
500003201;10006;
500003202;10010;
500003203;10011;
500003204;10008;
500003205;10008;
500003206;10010;
500003207;10008;
500003208;10006;
500003209;10018;
500003210;10018;
500003211;10018;
500003212;10018;
500003213;10018;
500003214;10018;
500003215;10029;
500003216;10036;
500003217;10044;
500003218;10164;
500003219;10004;
500003220;10014;
500003221;10014;
500003222;10014;
500003223;10014;
500003224;10011;
500003225;10014;
500003226;10029;
500003227;10002;
500003228;10011;
500003229;10016;
500003230;10010;
500003231;10002;
500003232;10014;
500003233;10104;
500003234;10014;
500003235;10008;
500003236;10023;
500003237;10016;
500003238;10002;
500003239;10140;
500003240;10006;
500003241;10010;
500003242;10011;
500003243;10032;
500003244;10027;
500003245;10036;
500003246;10032;
500003247;10002;
500003248;10014;
500003249;10027;
500003250;10020;
500003251;10027;
500003252;10029;
500003253;10004;Client Type 3
500003254;10006;
500003255;10011;
500003256;10004;Client Type 6
500003257;10004;
500003258;10004;
500003259;10002;
500003260;10008;Client Type 1
500003261;10008;Client Type 1
500003262;10008;
500003263;10008;Client Type 1
500003264;10008;Client Type 1
500003265;10008;
500003266;10008;Client Type 1
500003267;10008;Client Type 1
500003268;10008;
500003269;10008;Client Type 1
500003270;10008;
500003271;10008;
500003272;10008;
500003273;10008;
500003274;10004;
500003275;10014;
500003276;10010;
500003277;10008;
500003278;10008;
500003279;10008;
500003280;10008;
500003281;10008;
500003282;10008;
500003283;10008;
500003284;10008;
500003285;10008;
500003286;10008;
500003287;10008;
500003288;10008;
500003289;10008;
500003290;10008;
500003291;10008;
500003292;10008;
500003293;10008;
500003294;10008;
500003295;10008;
500003296;10008;
500003297;10008;
500003298;10008;
500003299;10008;
500003300;10008;
500003301;10008;
500003302;10008;
500003303;10008;Client Type 1
500003304;10008;
500003305;10008;
500003306;10008;Client Type 6
500003307;10008;
500003308;10008;Client Type 6
500003309;10008;
500003310;10008;Client Type 6
500003311;10008;
500003312;10008;
500003313;10008;
500003314;10008;
500003315;10008;
500003316;10008;
500003317;10008;
500003318;10008;
500003319;10008;
500003320;10008;
500003321;10008;
500003322;10008;
500003323;10008;
500003324;10008;
500003325;10008;Client Type 1
500003326;10008;
500003327;10008;
500003328;10008;
500003329;10008;
500003330;10008;
500003331;10008;
500003332;10008;
500003333;10008;
500003334;10008;
500003335;10008;
500003336;10008;
500003337;10008;
500003338;10008;
500003339;10008;
500003340;10002;
500003341;10008;
500003342;10014;
500003343;10002;
500003344;10008;
500003345;10004;
500003346;10090;
500003347;10008;
500003348;10010;
500003349;10004;
500003350;10002;
500003351;10002;
500003352;10006;
500003353;10018;
500003354;10029;
500003355;10002;
500003356;10029;
500003357;10002;
500003358;10002;
500003359;10002;
500003360;10002;
500003361;10008;
500003362;10010;
500003363;10004;
500003364;10006;
500003365;10006;
500003366;10013;
500003367;10004;
500003368;10004;
500003369;10033;
500003370;10008;
500003371;10008;
500003372;10008;
500003373;10008;
500003374;10008;
500003375;10008;
500003376;10008;
500003377;10008;
500003378;10008;
500003379;10008;
500003380;10008;
500003381;10008;
500003382;10008;
500003383;10008;
500003384;10008;
500003385;10008;
500003386;10008;
500003387;10008;
500003388;10008;
500003389;10008;
500003390;10008;
500003391;10008;
500003392;10008;
500003393;10008;
500003394;10008;
500003395;10008;
500003396;10008;
500003397;10008;
500003398;10008;
500003399;10008;
500003400;10008;
500003401;10008;
500003402;10008;
500003403;10002;
500003404;10023;
500003405;10030;
500003406;10010;
500003407;10029;
500003408;10040;Client Type 2
500003409;10017;Client Type 1
500003410;10008;
500003411;10010;
500003412;10019;
500003413;10008;
500003414;10034;Client Type 6
500003415;10004;
500003416;10008;
500003417;10082;
500003418;10002;
500003419;10010;
500003420;10037;
500003421;10023;
500003422;10012;
500003423;10014;
500003424;10014;
500003425;10011;
500003426;10006;
500003427;10032;
500003428;10033;
500003429;10006;
500003430;10006;
500003431;10018;
500003432;10008;
500003433;10011;
500003434;10016;
500003435;10056;
500003436;10029;
500003437;10033;
500003438;10027;
500003439;10014;
500003440;10032;
500003441;10008;
500003442;10006;Client Type 3
500003443;10004;
500003444;10029;
500003445;10010;Client Type 4
500003446;10006;
500003447;10008;
500003448;10004;
500003449;10090;
500003450;10004;
500003451;10004;
500003452;10008;
500003453;10004;
500003454;10043;
500003455;10090;
500003456;10014;
500003457;10008;
500003458;10051;
500003459;10081;
500003460;10006;
500003461;10008;
500003462;10165;
500003463;10082;
500003464;10008;
500003465;10014;
500003466;10006;
500003467;10006;
500003468;10010;
500003469;10018;Client Type 1
500003470;10002;Client Type 1
500003471;10002;
500003472;10002;
500003473;10008;
500003474;10010;
500003475;10051;
500003476;10012;
500003477;10002;
500003478;10004;
500003479;10008;Client Type 7
500003480;10004;
500003481;10023;
500003482;10014;
500003483;10008;
500003484;10004;
500003485;10008;
500003486;10002;
500003487;10016;
500003488;10018;
500003489;10054;
500003490;10008;
500003491;10036;
500003492;10011;
500003493;10014;
500003494;10008;
500003495;10046;
500003496;10011;
500003497;10011;
500003498;10010;
500003499;10016;
500003500;10029;
500003501;10082;
500003502;10016;
500003503;10014;
500003504;10033;
500003505;10082;
500003506;10086;
500003507;10004;
500003508;10015;
500003509;10033;
500003510;10037;
500003511;10012;
500003512;10033;
500003513;10036;
500003514;10013;
500003515;10002;
500003516;10022;
500003517;10104;
500003518;10016;
500003519;10006;Client Type 2
500003520;10014;Client Type 2
500003521;10006;
500003522;10009;
500003523;10033;
500003524;10033;
500003525;10033;
500003526;10033;
500003527;10008;
500003528;10033;
500003529;10018;
500003530;10014;
500003531;10004;
500003532;10033;
500003533;10057;
500003534;10011;
500003535;10008;
500003536;10023;
500003537;10008;
500003538;10029;
500003539;10008;
500003540;10016;Client Type 3
500003541;10036;
500003542;10033;
500003543;10014;
500003544;10010;
500003545;10008;Client Type 1
500003546;10008;
500003547;10008;
500003548;10008;Client Type 1
500003549;10008;Client Type 1
500003550;10008;
500003551;10008;Client Type 1
500003552;10083;
500003553;10002;
500003554;10006;
500003555;10006;
500003556;10006;
500003557;10006;
500003558;10008;
500003559;10008;
500003560;10008;
500003561;10008;
500003562;10008;
500003563;10008;
500003564;10008;
500003565;10008;Client Type 1
500003566;10166;
500003567;10008;
500003568;10008;
500003569;10008;
500003570;10008;
500003571;10008;
500003572;10008;
500003573;10008;
500003574;10008;
500003575;10008;
500003576;10008;
500003577;10008;
500003578;10008;Client Type 1
500003579;10008;
500003580;10008;
500003581;10008;
500003582;10008;
500003583;10008;
500003584;10057;Client Type 6
500003585;10008;
500003586;10016;
500003587;10019;
500003588;10008;
500003589;10007;Client Type 1
500003590;10008;
500003591;10008;
500003592;10002;
500003593;10010;
500003594;10008;
500003595;10014;
500003596;10029;
500003597;10086;
500003598;10086;
500003599;10008;
500003600;10008;
500003601;10008;
500003602;10167;
500003603;10019;
500003604;10145;Client Type 1
500003605;10002;
500003606;10002;
500003607;10008;Client Type 1
500003608;10008;Client Type 1
500003609;10009;
500003610;10002;
500003611;10019;
500003612;10008;
500003613;10006;
500003614;10011;
500003615;10030;
500003616;10008;
500003617;10008;
500003618;10008;
500003619;10008;
500003620;10008;
500003621;10008;
500003622;10008;
500003623;10008;
500003624;10008;
500003625;10008;
500003626;10008;
500003627;10008;
500003628;10032;
500003629;10008;
500003630;10006;
500003631;10006;
500003632;10011;
500003633;10008;
500003634;10002;
500003635;10002;
500003636;10001;
500003637;10010;
500003638;10037;Client Type 1
500003639;10002;
500003640;10011;
500003641;10013;
500003642;10008;
500003643;10014;
500003644;10057;
500003645;10057;
500003646;10057;
500003647;10057;Client Type 1
500003648;10057;
500003649;10057;
500003650;10066;
500003651;10035;Client Type 6
500003652;10014;
500003653;10036;
500003654;10035;
500003655;10008;
500003656;10046;
500003657;10014;
500003658;10014;
500003659;10008;
500003660;10020;
500003661;10020;
500003662;10013;
500003663;10002;
500003664;10003;
500003665;10017;
500003666;10082;
500003667;10033;
500003668;10014;
500003669;10046;
500003670;10008;Client Type 1
500003671;10002;
500003672;10008;
500003673;10006;
500003674;10013;
500003675;10029;
500003676;10027;Client Type 11
500003677;10008;
500003678;10011;
500003679;10168;
500003680;10041;Client Type 2
500003681;10008;
500003682;10008;
500003683;10002;
500003684;10029;
500003685;10164;
500003686;10012;
500003687;10007;
500003688;10035;
500003689;10148;
500003690;10008;
500003691;10002;
500003692;10011;
500003693;10010;
500003694;10008;
500003695;10010;
500003696;10025;
500003697;10002;
500003698;10002;
500003699;10009;
500003700;10009;
500003701;10013;
500003702;10023;
500003703;10010;
500003704;10008;
500003705;10018;
500003706;10018;
500003707;10009;
500003708;10006;
500003709;10123;
500003710;10123;
500003711;10101;
500003712;10029;
500003713;10027;
500003714;10006;
500003715;10035;
500003716;10046;
500003717;10038;
500003718;10018;Client Type 6
500003719;10046;
500003720;10010;
500003721;10010;
500003722;10095;
500003723;10015;
500003724;10057;
500003725;10022;
500003726;10002;
500003727;10037;
500003728;10164;
500003729;10027;
500003730;10136;
500003731;10169;
500003732;10008;
500003733;10008;
500003734;10008;
500003735;10008;
500003736;10008;
500003737;10008;
500003738;10008;
500003739;10008;
500003740;10008;
500003741;10008;
500003742;10008;
500003743;10008;
500003744;10008;
500003745;10008;
500003746;10008;
500003747;10008;
500003748;10008;
500003749;10008;
500003750;10008;
500003751;10008;
500003752;10008;
500003753;10008;
500003754;10008;
500003755;10008;
500003756;10008;
500003757;10008;
500003758;10008;
500003759;10008;
500003760;10008;
500003761;10008;
500003762;10008;
500003763;10008;
500003764;10008;
500003765;10008;
500003766;10008;
500003767;10008;
500003768;10008;
500003769;10008;
500003770;10008;
500003771;10008;
500003772;10008;
500003773;10008;
500003774;10008;
500003775;10008;
500003776;10008;
500003777;10008;
500003778;10008;
500003779;10008;
500003780;10008;
500003781;10008;
500003782;10008;
500003783;10008;
500003784;10008;
500003785;10008;
500003786;10008;
500003787;10008;
500003788;10008;
500003789;10008;
500003790;10008;
500003791;10008;
500003792;10008;
500003793;10008;
500003794;10008;
500003795;10008;
500003796;10008;
500003797;10008;
500003798;10008;
500003799;10008;
500003800;10008;
500003801;10008;
500003802;10008;
500003803;10008;
500003804;10008;
500003805;10008;
500003806;10008;
500003807;10008;
500003808;10008;
500003809;10008;
500003810;10008;
500003811;10008;Client Type 1
500003812;10008;
500003813;10008;
500003814;10008;
500003815;10008;
500003816;10008;
500003817;10008;
500003818;10008;Client Type 1
500003819;10008;
500003820;10008;
500003821;10008;
500003822;10008;
500003823;10008;
500003824;10008;
500003825;10008;
500003826;10008;
500003827;10008;
500003828;10008;
500003829;10008;
500003830;10008;
500003831;10008;
500003832;10001;
500003833;10023;
500003834;10023;
500003835;10014;
500003836;10011;
500003837;10029;
500003838;10032;
500003839;10041;
500003840;10008;
500003841;10017;
500003842;10010;
500003843;10006;
500003844;10029;
500003845;10010;
500003846;10008;
500003847;10008;
500003848;10019;
500003849;10020;
500003850;10019;Client Type 6
500003851;10032;
500003852;10044;
500003853;10044;
500003854;10010;
500003855;10012;
500003856;10103;
500003857;10018;
500003858;10016;
500003859;10081;
500003860;10008;
500003861;10002;
500003862;10144;
500003863;10006;
500003864;10008;Client Type 1
500003865;10008;
500003866;10008;
500003867;10040;
500003868;10002;
500003869;10029;
500003870;10046;
500003871;10081;
500003872;10170;
500003873;10018;
500003874;10006;
500003875;10002;
500003876;10011;
500003877;10011;
500003878;10029;
500003879;10094;
500003880;10029;
500003881;10037;
500003882;10008;
500003883;10006;
500003884;10006;
500003885;10081;
500003886;10029;
500003887;10017;
500003888;10051;
500003889;10006;Client Type 1
500003890;10023;
500003891;10008;
500003892;10004;Client Type 2
500003893;10046;
500003894;10004;
500003895;10002;
500003896;10012;
500003897;10029;
500003898;10019;
500003899;10014;
500003900;10042;
500003901;10027;
500003902;10033;
500003903;10008;
500003904;10017;
500003905;10020;
500003906;10029;
500003907;10114;
500003908;10012;
500003909;10012;
500003910;10010;
500003911;10016;
500003912;10014;
500003913;10020;
500003914;10015;
500003915;10002;
500003916;10171;
500003917;10056;
500003918;10008;
500003919;10043;
500003920;10019;Client Type 3
500003921;10164;
500003922;10002;
500003923;10018;Client Type 12
500003924;10041;
500003925;10046;
500003926;10029;
500003927;10010;
500003928;10056;
500003929;10010;
500003930;10172;
500003931;10005;
500003932;10006;
500003933;10022;Client Type 2
500003934;10042;
500003935;10016;
500003936;10044;
500003937;10016;
500003938;10111;
500003939;10020;
500003940;10022;
500003941;10056;
500003942;10002;
500003943;10013;
500003944;10030;
500003945;10017;
500003946;10051;Client Type 3
500003947;10014;
500003948;10173;
500003949;10004;
500003950;10010;
500003951;10038;
500003952;10169;
500003953;10008;
500003954;10002;Client Type 1
500003955;10030;
500003956;10164;
500003957;10035;
500003958;10014;Client Type 2
500003959;10164;
500003960;10164;
500003961;10014;
500003962;10014;
500003963;10056;
500003964;10014;
500003965;10040;
500003966;10174;
500003967;10032;
500003968;10007;
500003969;10010;
500003970;10041;Client Type 6
500003971;10045;
500003972;10052;
500003973;10052;
500003974;10175;
500003975;10033;
500003976;10094;
500003977;10006;
500003978;10037;
500003979;10095;
500003980;10121;
500003981;10162;
500003982;10175;
500003983;10132;
500003984;10164;
500003985;10045;
500003986;10090;
500003987;10016;
500003988;10006;
500003989;10157;
500003990;10002;
500003991;10094;
500003992;10010;
500003993;10087;
500003994;10040;
500003995;10002;
500003996;10007;Client Type 5
500003997;10176;
500003998;10102;
500003999;10040;
500004000;10041;
500004001;10007;
500004002;10008;
500004003;10023;
500004004;10017;
500004005;10011;
500004006;10023;
500004007;10081;
500004008;10014;
500004009;10002;
500004010;10002;
500004011;10002;
500004012;10002;
500004013;10002;
500004014;10083;
500004015;10177;
500004016;10022;Client Type 3
500004017;10004;
500004018;10006;
500004019;10008;
500004020;10002;
500004021;10002;
500004022;10004;Client Type 1
500004023;10006;
500004024;10020;
500004025;10037;
500004026;10018;
500004027;10014;
500004028;10029;
500004029;10045;
500004030;10102;
500004031;10023;Client Type 4
500004032;10104;
500004033;10020;
500004034;10029;
500004035;10178;
500004036;10080;
500004037;10035;
500004038;10007;
500004039;10040;
500004040;10179;
500004041;10029;
500004042;10004;
500004043;10040;
500004044;10004;
500004045;10010;
500004046;10087;
500004047;10052;
500004048;10017;
500004049;10033;
500004050;10008;
500004051;10002;
500004052;10006;
500004053;10007;Client Type 4
500004054;10180;
500004055;10180;
500004056;10029;Client Type 2
500004057;10002;
500004058;10037;
500004059;10006;
500004060;10022;Client Type 6
500004061;10010;
500004062;10008;
500004063;10008;
500004064;10023;
500004065;10007;
500004066;10153;
500004067;10181;
500004068;10041;
500004069;10182;
500004070;10018;
500004071;10079;
500004072;10123;
500004073;10167;Client Type 13
500004074;10183;
500004075;10099;
500004076;10047;
500004077;10145;
500004078;10137;
500004079;10183;
500004080;10046;
500004081;10106;
500004082;10099;
500004083;10184;
500004084;10185;
500004085;10181;
500004086;10016;
500004087;10185;
500004088;10186;
500004089;10044;
500004090;10036;
500004091;10187;
500004092;10183;
500004093;10188;
500004094;10002;
500004095;10122;
500004096;10122;
500004097;10122;
500004098;10122;
500004099;10122;
500004100;10122;
500004101;10189;
500004102;10190;
500004103;10114;Client Type 14
500004104;10027;
500004105;10033;
500004106;10140;
500004107;10007;
500004108;10032;
500004109;10014;
500004110;10008;Client Type 1
500004111;10183;Client Type 1
500004112;10035;
500004113;10122;
500004114;10122;
500004115;10122;
500004116;10122;
500004117;10007;
500004118;10004;Client Type 1
500004119;10183;
500004120;10012;
500004121;10013;
500004122;10006;
500004123;10006;
500004124;10004;
500004125;10008;
500004126;10002;
500004127;10010;
500004128;10015;
500004129;10033;
500004130;10081;
500004131;10018;
500004132;10008;
500004133;10014;
500004134;10082;
500004135;10008;
500004136;10007;Client Type 1
500004137;10014;
500004138;10016;
500004139;10081;
500004140;10008;
500004141;10010;
500004142;10004;
500004143;10032;
500004144;10164;
500004145;10009;
500004146;10191;
500004147;10006;
500004148;10027;
500004149;10008;
500004150;10008;
500004151;10008;
500004152;10008;
500004153;10008;
500004154;10008;
500004155;10008;
500004156;10008;Client Type 1
500004157;10008;
500004158;10008;
500004159;10008;
500004160;10008;
500004161;10008;
500004162;10008;
500004163;10008;
500004164;10008;
500004165;10008;
500004166;10008;Client Type 1
500004167;10008;
500004168;10008;
500004169;10008;
500004170;10008;
500004171;10008;
500004172;10008;
500004173;10008;
500004174;10008;
500004175;10008;
500004176;10008;
500004177;10008;
500004178;10008;
500004179;10008;
500004180;10008;
500004181;10008;
500004182;10008;
500004183;10008;
500004184;10012;
500004185;10008;
500004186;10007;
500004187;10192;
500004188;10086;
500004189;10090;
500004190;10043;
500004191;10008;
500004192;10008;
500004193;10008;
500004194;10029;
500004195;10031;
500004196;10008;
500004197;10008;
500004198;10014;
500004199;10006;
500004200;10011;Client Type 4
500004201;10140;
500004202;10002;
500004203;10002;
500004204;10017;
500004205;10010;
500004206;10122;
500004207;10188;
500004208;10188;
500004209;10080;
500004210;10167;
500004211;10193;
500004212;10008;
500004213;10029;
500004214;10007;
500004215;10004;Client Type 6
500004216;10040;
500004217;10008;
500004218;10192;
500004219;10006;
500004220;10083;
500004221;10006;Client Type 6
500004222;10014;
500004223;10014;
500004224;10008;
500004225;10014;
500004226;10013;Client Type 2
500004227;10018;
500004228;10015;
500004229;10008;
500004230;10035;
500004231;10008;
500004232;10004;
500004233;10029;
500004234;10015;
500004235;10043;
500004236;10002;
500004237;10018;Client Type 6
500004238;10019;
500004239;10185;Client Type 14
500004240;10011;Client Type 2
500004241;10002;
500004242;10010;
500004243;10002;
500004244;10008;
500004245;10095;
500004246;10037;
500004247;10002;Client Type 1
500004248;10014;
500004249;10013;
500004250;10023;Client Type 9
500004251;10014;
500004252;10002;
500004253;10145;
500004254;10135;
500004255;10113;
500004256;10095;
500004257;10011;
500004258;10002;Client Type 1
500004259;10194;
500004260;10004;
500004261;10179;
500004262;10016;
500004263;10008;
500004264;10083;
500004265;10008;
500004266;10002;
500004267;10161;
500004268;10161;
500004269;10081;
500004270;10090;
500004271;10195;Client Type 1
500004272;10027;
500004273;10016;
500004274;10045;Client Type 2
500004275;10033;
500004276;10008;
500004277;10010;
500004278;10094;
500004279;10027;Client Type 2
500004280;10008;
500004281;10008;
500004282;10032;
500004283;10033;
500004284;10036;
500004285;10180;
500004286;10002;
500004287;10037;
500004288;10012;
500004289;10196;
500004290;10002;
500004291;10016;
500004292;10087;
500004293;10033;
500004294;10019;
500004295;10046;
500004296;10015;
500004297;10008;
500004298;10178;
500004299;10020;
500004300;10016;
500004301;10042;
500004302;10013;
500004303;10002;
500004304;10020;
500004305;10009;
500004306;10009;
500004307;10008;
500004308;10009;
500004309;10104;
500004310;10016;
500004311;10029;
500004312;10011;
500004313;10004;
500004314;10004;
500004315;10016;
500004316;10042;
500004317;10016;
500004318;10019;
500004319;10006;Client Type 11
500004320;10008;
500004321;10002;
500004322;10018;
500004323;10010;
500004324;10015;
500004325;10006;
500004326;10017;
500004327;10029;
500004328;10031;
500004329;10029;
500004330;10014;
500004331;10014;
500004332;10015;
500004333;10006;
500004334;10094;Client Type 1
500004335;10020;
500004336;10005;
500004337;10002;
500004338;10002;Client Type 1
500004339;10010;Client Type 2
500004340;10006;
500004341;10004;
500004342;10002;
500004343;10008;
500004344;10174;
500004345;10090;
500004346;10130;
500004347;10042;
500004348;10014;
500004349;10015;
500004350;10014;Client Type 6
500004351;10006;
500004352;10013;
500004353;10010;
500004354;10013;
500004355;10123;
500004356;10015;
500004357;10086;
500004358;10197;
500004359;10139;Client Type 14
500004360;10198;
500004361;10199;
500004362;10003;
500004363;10200;
500004364;10200;
500004365;10201;
500004366;10006;
500004367;10008;Client Type 1
500004368;10015;Client Type 4
500004369;10008;
500004370;10015;
500004371;10010;
500004372;10002;
500004373;10014;
500004374;10114;
500004375;10006;Client Type 1
500004376;10004;
500004377;10014;
500004378;10022;
500004379;10004;
500004380;10014;
500004381;10027;
500004382;10132;
500004383;10008;
500004384;10002;
500004385;10006;
500004386;10179;
500004387;10111;
500004388;10179;
500004389;10130;
500004390;10018;
500004391;10002;
500004392;10004;
500004393;10056;
500004394;10002;
500004395;10006;
500004396;10002;
500004397;10029;
500004398;10023;
500004399;10006;
500004400;10169;
500004401;10029;
500004402;10018;
500004403;10043;
500004404;10081;
500004405;10004;
500004406;10029;
500004407;10004;Client Type 2
500004408;10008;
500004409;10036;
500004410;10002;Client Type 1
500004411;10040;
500004412;10040;
500004413;10016;
500004414;10042;
500004415;10011;
500004416;10008;
500004417;10063;
500004418;10011;
500004419;10036;
500004420;10016;
500004421;10018;
500004422;10011;
500004423;10010;
500004424;10032;Client Type 1
500004425;10011;Client Type 4
500004426;10202;
500004427;10002;
500004428;10004;
500004429;10044;
500004430;10002;
500004431;10036;Client Type 2
500004432;10036;
500004433;10033;
500004434;10032;
500004435;10036;
500004436;10036;
500004437;10036;
500004438;10036;Client Type 2
500004439;10036;
500004440;10036;
500004441;10036;
500004442;10036;
500004443;10032;
500004444;10036;
500004445;10036;
500004446;10036;
500004447;10033;
500004448;10038;Client Type 2
500004449;10038;
500004450;10038;
500004451;10036;
500004452;10033;
500004453;10033;
500004454;10038;
500004455;10036;
500004456;10057;
500004457;10082;
500004458;10057;
500004459;10057;
500004460;10014;
500004461;10046;
500004462;10015;
500004463;10016;
500004464;10056;
500004465;10120;
500004466;10008;
500004467;10029;
500004468;10007;
500004469;10046;
500004470;10046;
500004471;10014;Client Type 2
500004472;10041;
500004473;10029;
500004474;10029;
500004475;10029;
500004476;10153;
500004477;10036;
500004478;10002;
500004479;10029;
500004480;10029;
500004481;10032;
500004482;10002;
500004483;10010;
500004484;10023;
500004485;10037;
500004486;10011;
500004487;10018;
500004488;10122;
500004489;10016;
500004490;10029;
500004491;10008;
500004492;10018;
500004493;10008;
500004494;10008;Client Type 1
500004495;10018;Client Type 2
500004496;10018;
500004497;10018;
500004498;10018;
500004499;10018;
500004500;10189;
500004501;10189;
500004502;10009;Client Type 3
500004503;10006;
500004504;10029;
500004505;10006;
500004506;10002;
500004507;10004;
500004508;10179;
500004509;10002;
500004510;10180;
500004511;10030;
500004512;10102;
500004513;10006;Client Type 3
500004514;10019;
500004515;10086;
500004516;10008;
500004517;10008;
500004518;10008;
500004519;10008;
500004520;10008;
500004521;10008;
500004522;10008;Client Type 1
500004523;10010;
500004524;10203;
500004525;10204;
500004526;10008;
500004527;10036;
500004528;10102;
500004529;10016;
500004530;10046;
500004531;10010;
500004532;10002;
500004533;10198;
500004534;10082;Client Type 2
500004535;10032;
500004536;10205;
500004537;10032;
500004538;10019;
500004539;10206;
500004540;10004;
500004541;10015;
500004542;10029;
500004543;10207;
500004544;10046;
500004545;10006;
500004546;10208;
500004547;10008;
500004548;10023;
500004549;10014;
500004550;10004;
500004551;10209;
500004552;10009;
500004553;10009;
500004554;10102;
500004555;10011;
500004556;10016;
500004557;10041;
500004558;10007;
500004559;10015;
500004560;10023;
500004561;10004;
500004562;10006;
500004563;10006;Client Type 4
500004564;10087;
500004565;10164;
500004566;10038;
500004567;10038;
500004568;10032;
500004569;10101;
500004570;10208;
500004571;10208;
500004572;10208;
500004573;10002;
500004574;10036;
500004575;10029;
500004576;10188;
500004577;10122;
500004578;10122;
500004579;10122;
500004580;10012;
500004581;10013;
500004582;10046;
500004583;10041;
500004584;10016;
500004585;10046;
500004586;10101;
500004587;10029;
500004588;10099;
500004589;10014;
500004590;10164;
500004591;10180;
500004592;10008;
500004593;10041;
500004594;10087;
500004595;10087;Client Type 2
500004596;10011;
500004597;10004;
500004598;10116;
500004599;10017;
500004600;10022;
500004601;10008;
500004602;10008;
500004603;10002;
500004604;10011;
500004605;10178;
500004606;10210;
500004607;10182;
500004608;10163;
500004609;10210;
500004610;10145;
500004611;10179;
500004612;10036;
500004613;10033;
500004614;10164;
500004615;10013;Client Type 1
500004616;10011;
500004617;10023;Client Type 2
500004618;10149;
500004619;10004;
500004620;10008;
500004621;10002;Client Type 1
500004622;10006;
500004623;10013;
500004624;10029;
500004625;10037;
500004626;10046;
500004627;10014;
500004628;10014;
500004629;10090;
500004630;10014;
500004631;10014;
500004632;10014;
500004633;10046;
500004634;10083;
500004635;10019;
500004636;10116;
500004637;10132;
500004638;10116;
500004639;10056;
500004640;10006;
500004641;10004;
500004642;10211;
500004643;10011;
500004644;10004;
500004645;10006;Client Type 2
500004646;10008;
500004647;10212;
500004648;10008;
500004649;10004;
500004650;10114;Client Type 1
500004651;10010;
500004652;10004;
500004653;10002;
500004654;10009;
500004655;10029;
500004656;10008;
500004657;10008;
500004658;10033;Client Type 11
500004659;10002;
500004660;10010;
500004661;10020;
500004662;10122;
500004663;10122;
500004664;10095;
500004665;10090;
500004666;10079;
500004667;10079;
500004668;10104;
500004669;10178;
500004670;10008;Client Type 7
500004671;10022;
500004672;10020;
500004673;10032;
500004674;10014;
500004675;10006;
500004676;10022;
500004677;10014;
500004678;10104;
500004679;10029;
500004680;10205;
500004681;10164;
500004682;10016;
500004683;10011;
500004684;10032;
500004685;10002;
500004686;10180;
500004687;10043;
500004688;10205;
500004689;10006;
500004690;10014;
500004691;10027;
500004692;10164;
500004693;10051;
500004694;10002;
500004695;10180;
500004696;10006;
500004697;10104;
500004698;10019;
500004699;10081;
500004700;10016;
500004701;10180;
500004702;10022;
500004703;10205;
500004704;10032;
500004705;10002;
500004706;10016;
500004707;10018;
500004708;10011;
500004709;10030;
500004710;10206;
500004711;10002;Client Type 1
500004712;10122;
500004713;10012;Client Type 1
500004714;10006;
500004715;10079;
500004716;10079;
500004717;10043;Client Type 6
500004718;10094;
500004719;10016;
500004720;10029;Client Type 6
500004721;10051;
500004722;10011;
500004723;10213;
500004724;10027;
500004725;10018;
500004726;10179;
500004727;10042;
500004728;10020;
500004729;10164;
500004730;10016;
500004731;10029;Client Type 6
500004732;10022;
500004733;10018;
500004734;10008;
500004735;10082;
500004736;10015;
500004737;10002;
500004738;10004;
500004739;10008;
500004740;10011;
500004741;10014;
500004742;10018;
500004743;10018;
500004744;10044;
500004745;10006;Client Type 6
500004746;10006;
500004747;10011;
500004748;10006;Client Type 1
500004749;10080;
500004750;10006;
500004751;10006;
500004752;10006;
500004753;10006;
500004754;10140;
500004755;10002;
500004756;10100;
500004757;10042;Client Type 5
500004758;10006;
500004759;10010;
500004760;10130;
500004761;10002;
500004762;10014;
500004763;10121;
500004764;10018;
500004765;10006;
500004766;10006;
500004767;10083;
500004768;10019;
500004769;10056;
500004770;10037;
500004771;10082;Client Type 6
500004772;10008;
500004773;10006;
500004774;10010;
500004775;10002;
500004776;10111;
500004777;10006;
500004778;10011;
500004779;10011;
500004780;10183;
500004781;10214;
500004782;10016;
500004783;10006;
500004784;10213;
500004785;10166;Client Type 1
500004786;10016;
500004787;10030;
500004788;10015;
500004789;10008;Client Type 1
500004790;10019;
500004791;10046;
500004792;10056;
500004793;10017;
500004794;10011;
500004795;10008;Client Type 6
500004796;10008;
500004797;10030;
500004798;10011;
500004799;10006;
500004800;10010;
500004801;10006;
500004802;10010;
500004803;10153;
500004804;10013;
500004805;10029;
500004806;10007;
500004807;10003;
500004808;10102;
500004809;10116;
500004810;10101;
500004811;10010;
500004812;10012;
500004813;10008;
500004814;10008;Client Type 11
500004815;10029;
500004816;10029;
500004817;10033;
500004818;10002;
500004819;10215;
500004820;10095;
500004821;10102;
500004822;10002;Client Type 1
500004823;10006;
500004824;10153;
500004825;10168;
500004826;10029;Client Type 4
500004827;10033;
500004828;10029;
500004829;10033;
500004830;10032;
500004831;10032;
500004832;10032;
500004833;10019;
500004834;10030;
500004835;10007;
500004836;10046;
500004837;10007;
500004838;10086;
500004839;10004;
500004840;10010;
500004841;10022;
500004842;10010;
500004843;10008;
500004844;10014;
500004845;10018;
500004846;10046;
500004847;10182;
500004848;10016;
500004849;10006;
500004850;10017;
500004851;10004;
500004852;10018;
500004853;10029;
500004854;10114;
500004855;10017;
500004856;10006;
500004857;10006;
500004858;10027;
500004859;10011;Client Type 6
500004860;10016;
500004861;10008;
500004862;10163;
500004863;10013;
500004864;10005;
500004865;10216;
500004866;10006;Client Type 1
500004867;10013;
500004868;10128;
500004869;10004;
500004870;10006;
500004871;10104;
500004872;10086;
500004873;10163;
500004874;10057;
500004875;10162;Client Type 2
500004876;10036;
500004877;10105;
500004878;10027;
500004879;10132;
500004880;10027;
500004881;10027;
500004882;10027;
500004883;10027;
500004884;10067;
500004885;10004;
500004886;10059;
500004887;10029;
500004888;10143;
500004889;10006;
500004890;10006;
500004891;10004;
500004892;10217;
500004893;10009;
500004894;10114;
500004895;10041;
500004896;10025;
500004897;10218;
500004898;10219;
500004899;10011;
500004900;10033;
500004901;10019;
500004902;10011;
500004903;10220;
500004904;10132;
500004905;10132;
500004906;10066;
500004907;10066;
500004908;10066;
500004909;10066;
500004910;10083;
500004911;10083;
500004912;10083;
500004913;10083;
500004914;10083;
500004915;10066;
500004916;10083;
500004917;10066;
500004918;10083;
500004919;10083;
500004920;10083;
500004921;10083;
500004922;10083;
500004923;10132;
500004924;10132;
500004925;10132;
500004926;10132;
500004927;10044;
500004928;10018;
500004929;10019;
500004930;10163;
500004931;10066;
500004932;10033;
500004933;10019;
500004934;10008;
500004935;10090;
500004936;10182;
500004937;10221;
500004938;10017;
500004939;10101;
500004940;10123;
500004941;10030;Client Type 9
500004942;10222;
500004943;10036;
500004944;10014;
500004945;10023;
500004946;10018;
500004947;10010;
500004948;10002;
500004949;10044;
500004950;10006;
500004951;10022;
500004952;10022;
500004953;10006;
500004954;10008;
500004955;10036;
500004956;10014;
500004957;10004;
500004958;10004;
500004959;10004;
500004960;10031;
500004961;10006;
500004962;10006;
500004963;10008;
500004964;10002;
500004965;10029;
500004966;10046;Client Type 4
500004967;10010;
500004968;10015;
500004969;10101;
500004970;10014;
500004971;10030;
500004972;10035;
500004973;10006;
500004974;10008;
500004975;10006;Client Type 6
500004976;10029;
500004977;10002;
500004978;10036;
500004979;10008;
500004980;10002;
500004981;10008;Client Type 1
500004982;10008;
500004983;10008;Client Type 1
500004984;10033;
500004985;10029;
500004986;10002;
500004987;10056;Client Type 2
500004988;10006;
500004989;10205;Client Type 2
500004990;10043;
500004991;10008;
500004992;10008;Client Type 1
500004993;10037;
500004994;10007;
500004995;10008;
500004996;10008;
500004997;10008;
500004998;10008;
500004999;10008;
500005000;10008;
500005001;10012;Client Type 3
500005002;10012;
500005003;10013;
500005004;10013;
500005005;10014;
500005006;10002;
500005007;10010;
500005008;10052;Client Type 11
500005009;10002;Client Type 6
500005010;10018;Client Type 7
500005011;10017;
500005012;10091;
500005013;10018;
500005014;10046;
500005015;10017;
500005016;10122;
500005017;10027;
500005018;10182;
500005019;10130;
500005020;10010;Client Type 1
500005021;10008;
500005022;10007;
500005023;10002;
500005024;10010;
500005025;10008;
500005026;10179;
500005027;10136;
500005028;10002;
500005029;10014;
500005030;10008;
500005031;10014;
500005032;10006;
500005033;10008;
500005034;10008;Client Type 6
500005035;10010;
500005036;10010;
500005037;10145;
500005038;10004;
500005039;10002;
500005040;10004;
500005041;10002;Client Type 3
500005042;10008;
500005043;10002;
500005044;10030;
500005045;10183;
500005046;10035;
500005047;10002;
500005048;10012;
500005049;10018;
500005050;10002;Client Type 4
500005051;10081;
500005052;10052;
500005053;10036;
500005054;10035;
500005055;10018;
500005056;10125;
500005057;10002;
500005058;10032;
500005059;10044;
500005060;10033;
500005061;10014;
500005062;10008;
500005063;10036;
500005064;10027;
500005065;10010;
500005066;10002;
500005067;10002;
500005068;10090;
500005069;10102;Client Type 1
500005070;10016;
500005071;10123;
500005072;10008;
500005073;10056;
500005074;10009;
500005075;10030;
500005076;10012;
500005077;10041;
500005078;10181;
500005079;10056;
500005080;10008;Client Type 1
500005081;10013;
500005082;10029;
500005083;10023;
500005084;10008;
500005085;10029;
500005086;10018;
500005087;10019;
500005088;10018;
500005089;10008;
500005090;10030;
500005091;10043;
500005092;10095;
500005093;10013;
500005094;10008;Client Type 2
500005095;10008;
500005096;10122;
500005097;10102;
500005098;10018;
500005099;10032;
500005100;10016;
500005101;10056;
500005102;10029;Client Type 11
500005103;10008;
500005104;10008;
500005105;10011;Client Type 2
500005106;10027;
500005107;10014;
500005108;10002;Client Type 1
500005109;10052;
500005110;10010;
500005111;10010;
500005112;10008;
500005113;10029;Client Type 3
500005114;10164;
500005115;10011;Client Type 6
500005116;10081;
500005117;10035;
500005118;10102;
500005119;10008;
500005120;10004;
500005121;10015;
500005122;10029;
500005123;10008;
500005124;10003;
500005125;10008;
500005126;10010;
500005127;10008;
500005128;10008;
500005129;10008;
500005130;10102;
500005131;10018;
500005132;10008;Client Type 2
500005133;10148;
500005134;10018;
500005135;10182;
500005136;10036;
500005137;10161;
500005138;10032;
500005139;10017;
500005140;10029;
500005141;10029;
500005142;10020;
500005143;10153;
500005144;10036;
500005145;10002;
500005146;10013;
500005147;10008;
500005148;10002;
500005149;10051;
500005150;10029;
500005151;10029;
500005152;10029;
500005153;10002;Client Type 6
500005154;10002;
500005155;10043;
500005156;10046;
500005157;10018;Client Type 1
500005158;10173;
500005159;10036;
500005160;10016;
500005161;10094;
500005162;10008;
500005163;10013;
500005164;10041;
500005165;10008;
500005166;10096;
500005167;10114;
500005168;10091;
500005169;10091;
500005170;10037;
500005171;10014;
500005172;10081;Client Type 2
500005173;10223;
500005174;10143;
500005175;10133;
500005176;10108;
500005177;10141;
500005178;10054;
500005179;10074;
500005180;10074;
500005181;10206;
500005182;10223;
500005183;10032;
500005184;10018;
500005185;10133;
500005186;10080;
500005187;10179;Client Type 8
500005188;10033;
500005189;10036;
500005190;10029;
500005191;10064;
500005192;10089;
500005193;10224;
500005194;10034;
500005195;10225;
500005196;10223;
500005197;10223;
500005198;10226;
500005199;10227;
500005200;10212;
500005201;10059;
500005202;10228;
500005203;10126;
500005204;10229;
500005205;10230;
500005206;10182;
500005207;10231;
500005208;10232;
500005209;10233;
500005210;10229;
500005211;10008;
500005212;10008;
500005213;10002;
500005214;10019;
500005215;10019;
500005216;10008;Client Type 1
500005217;10032;
500005218;10014;
500005219;10011;
500005220;10004;
500005221;10006;
500005222;10008;
500005223;10008;
500005224;10036;
500005225;10036;
500005226;10009;
500005227;10090;
500005228;10006;
500005229;10002;
500005230;10029;
500005231;10010;
500005232;10104;
500005233;10180;Client Type 6
500005234;10037;
500005235;10006;
500005236;10014;
500005237;10079;
500005238;10023;
500005239;10179;Client Type 2
500005240;10008;
500005241;10008;
500005242;10008;
500005243;10052;
500005244;10006;
500005245;10008;
500005246;10011;
500005247;10044;
500005248;10002;
500005249;10027;
500005250;10081;
500005251;10234;
500005252;10017;Client Type 1
500005253;10122;Client Type 6
500005254;10002;
500005255;10008;
500005256;10081;
500005257;10125;
500005258;10181;
500005259;10013;
500005260;10009;
500005261;10009;
500005262;10042;
500005263;10042;
500005264;10141;
500005265;10104;
500005266;10019;
500005267;10032;
500005268;10006;Client Type 4
500005269;10008;
500005270;10017;
500005271;10235;
500005272;10033;
500005273;10081;
500005274;10081;
500005275;10006;
500005276;10036;
500005277;10042;
500005278;10013;
500005279;10002;
500005280;10008;
500005281;10008;
500005282;10011;
500005283;10002;Client Type 1
500005284;10153;
500005285;10036;Client Type 3
500005286;10002;
500005287;10029;
500005288;10029;
500005289;10029;
500005290;10029;
500005291;10020;
500005292;10029;
500005293;10029;
500005294;10027;
500005295;10027;
500005296;10010;
500005297;10104;Client Type 1
500005298;10010;
500005299;10041;
500005300;10002;
500005301;10038;Client Type 1
500005302;10006;
500005303;10006;
500005304;10010;
500005305;10002;
500005306;10044;
500005307;10008;
500005308;10008;
500005309;10012;
500005310;10036;
500005311;10043;
500005312;10179;
500005313;10006;
500005314;10008;
500005315;10008;Client Type 1
500005316;10006;
500005317;10006;
500005318;10006;
500005319;10006;
500005320;10006;
500005321;10006;
500005322;10036;
500005323;10014;
500005324;10014;
500005325;10014;
500005326;10014;
500005327;10014;
500005328;10014;
500005329;10014;
500005330;10014;
500005331;10236;
500005332;10182;
500005333;10041;
500005334;10016;
500005335;10056;
500005336;10004;
500005337;10006;Client Type 1
500005338;10006;
500005339;10006;
500005340;10006;
500005341;10006;
500005342;10006;
500005343;10006;
500005344;10041;
500005345;10014;Client Type 7
500005346;10006;
500005347;10042;
500005348;10006;
500005349;10002;
500005350;10104;
500005351;10051;
500005352;10082;
500005353;10008;
500005354;10008;
500005355;10180;
500005356;10052;Client Type 11
500005357;10035;Client Type 11
500005358;10081;
500005359;10018;
500005360;10163;
500005361;10104;
500005362;10104;Client Type 2
500005363;10005;
500005364;10020;
500005365;10182;
500005366;10082;
500005367;10082;
500005368;10090;
500005369;10182;
500005370;10006;
500005371;10037;
500005372;10057;Client Type 2
500005373;10104;
500005374;10137;
500005375;10180;
500005376;10002;Client Type 4
500005377;10002;Client Type 1
500005378;10037;Client Type 2
500005379;10182;
500005380;10012;
500005381;10057;
500005382;10057;
500005383;10037;Client Type 2
500005384;10237;Client Type 2
500005385;10014;
500005386;10006;
500005387;10123;Client Type 2
500005388;10004;Client Type 2
500005389;10022;
500005390;10014;Client Type 1
500005391;10006;
500005392;10104;
500005393;10011;
500005394;10005;
500005395;10013;
500005396;10006;
500005397;10033;
500005398;10029;
500005399;10205;
500005400;10164;
500005401;10016;
500005402;10032;
500005403;10180;
500005404;10002;
500005405;10043;
500005406;10043;
500005407;10205;
500005408;10006;
500005409;10022;
500005410;10014;
500005411;10086;
500005412;10002;
500005413;10017;
500005414;10234;
500005415;10011;Client Type 2
500005416;10012;
500005417;10238;Client Type 1
500005418;10002;
500005419;10029;
500005420;10037;
500005421;10006;Client Type 1
500005422;10237;
500005423;10013;
500005424;10022;
500005425;10002;
500005426;10008;Client Type 7
500005427;10013;Client Type 2
500005428;10083;
500005429;10014;
500005430;10018;
500005431;10008;
500005432;10013;
500005433;10114;
500005434;10114;
500005435;10148;
500005436;10008;
500005437;10008;
500005438;10008;
500005439;10235;
500005440;10010;
500005441;10008;
500005442;10013;
500005443;10037;
500005444;10037;
500005445;10008;Client Type 2
500005446;10004;Client Type 2
500005447;10014;
500005448;10014;
500005449;10014;
500005450;10008;
500005451;10035;
500005452;10080;
500005453;10101;
500005454;10008;
500005455;10017;
500005456;10029;Client Type 7
500005457;10017;
500005458;10014;Client Type 1
500005459;10043;
500005460;10164;
500005461;10083;
500005462;10018;Client Type 1
500005463;10004;
500005464;10012;
500005465;10014;
500005466;10037;Client Type 3
500005467;10004;
500005468;10056;Client Type 4
500005469;10006;
500005470;10020;Client Type 8
500005471;10239;
500005472;10015;
500005473;10086;Client Type 2
500005474;10043;Client Type 2
500005475;10008;Client Type 2
500005476;10016;
500005477;10008;
500005478;10029;
500005479;10189;
500005480;10002;
500005481;10002;
500005482;10182;
500005483;10002;
500005484;10036;Client Type 2
500005485;10004;
500005486;10008;Client Type 2
500005487;10010;
500005488;10008;
500005489;10161;
500005490;10161;
500005491;10161;
500005492;10161;
500005493;10010;
500005494;10004;
500005495;10002;
500005496;10014;
500005497;10008;Client Type 7
500005498;10014;
500005499;10137;
500005500;10137;
500005501;10004;
500005502;10150;
500005503;10023;
500005504;10006;
500005505;10016;Client Type 2
500005506;10016;Client Type 2
500005507;10002;
500005508;10029;
500005509;10004;
500005510;10003;
500005511;10008;Client Type 7
500005512;10042;
500005513;10013;
500005514;10032;
500005515;10018;
500005516;10066;
500005517;10083;
500005518;10132;
500005519;10132;
500005520;10132;
500005521;10083;
500005522;10132;
500005523;10083;
500005524;10007;Client Type 2
500005525;10002;Client Type 6
500005526;10014;
500005527;10002;
500005528;10002;Client Type 1
500005529;10029;
500005530;10016;
500005531;10095;
500005532;10027;
500005533;10008;
500005534;10020;
500005535;10013;Client Type 2
500005536;10013;
500005537;10013;
500005538;10164;
500005539;10122;
500005540;10122;
500005541;10122;
500005542;10122;
500005543;10122;
500005544;10095;
500005545;10095;
500005546;10095;
500005547;10029;
500005548;10029;
500005549;10014;
500005550;10002;Client Type 1
500005551;10006;
500005552;10020;
500005553;10024;
500005554;10016;
500005555;10020;
500005556;10240;
500005557;10020;
500005558;10032;
500005559;10036;
500005560;10033;Client Type 4
500005561;10020;
500005562;10014;Client Type 1
500005563;10002;
500005564;10056;
500005565;10027;
500005566;10014;
500005567;10032;
500005568;10008;Client Type 6
500005569;10006;Client Type 6
500005570;10044;Client Type 2
500005571;10153;
500005572;10008;
500005573;10014;
500005574;10006;
500005575;10030;Client Type 1
500005576;10184;Client Type 1
500005577;10008;
500005578;10014;
500005579;10008;
500005580;10004;
500005581;10235;
500005582;10004;
500005583;10042;
500005584;10010;Client Type 4
500005585;10010;
500005586;10029;Client Type 4
500005587;10002;
500005588;10033;
500005589;10014;
500005590;10179;
500005591;10008;
500005592;10002;
500005593;10016;
500005594;10027;
500005595;10006;
500005596;10067;
500005597;10212;
500005598;10241;
500005599;10002;
500005600;10027;
500005601;10014;
500005602;10037;
500005603;10008;
500005604;10033;
500005605;10242;Client Type 4
500005606;10242;
500005607;10064;
500005608;10010;Client Type 4
500005609;10014;Client Type 2
500005610;10036;
500005611;10145;
500005612;10103;
500005613;10011;
500005614;10179;
500005615;10014;Client Type 1
500005616;10082;
500005617;10032;
500005618;10032;
500005619;10018;
500005620;10010;
500005621;10008;
500005622;10006;
500005623;10029;
500005624;10014;Client Type 4
500005625;10002;Client Type 1
500005626;10008;
500005627;10019;
500005628;10018;
500005629;10178;
500005630;10033;
500005631;10002;Client Type 1
500005632;10081;Client Type 1
500005633;10008;
500005634;10014;
500005635;10006;
500005636;10016;
500005637;10008;
500005638;10032;
500005639;10095;
500005640;10016;
500005641;10029;
500005642;10177;
500005643;10029;Client Type 4
500005644;10002;
500005645;10243;
500005646;10179;
500005647;10015;
500005648;10031;
500005649;10013;Client Type 10
500005650;10008;
500005651;10018;
500005652;10002;Client Type 1
500005653;10014;
500005654;10182;
500005655;10002;
500005656;10013;
500005657;10008;
500005658;10029;
500005659;10008;
500005660;10011;
500005661;10014;
500005662;10232;
500005663;10004;
500005664;10002;
500005665;10057;Client Type 4
500005666;10008;
500005667;10036;
500005668;10006;
500005669;10029;
500005670;10002;
500005671;10056;Client Type 2
500005672;10244;
500005673;10033;
500005674;10014;
500005675;10103;
500005676;10029;Client Type 1
500005677;10016;
500005678;10032;Client Type 15
500005679;10103;
500005680;10179;
500005681;10047;
500005682;10008;
500005683;10014;
500005684;10016;
500005685;10008;
500005686;10006;Client Type 1
500005687;10104;Client Type 1
500005688;10081;Client Type 1
500005689;10019;Client Type 1
500005690;10182;Client Type 1
500005691;10038;
500005692;10009;Client Type 1
500005693;10169;
500005694;10014;
500005695;10044;
500005696;10186;Client Type 1
500005697;10002;
500005698;10179;
500005699;10014;
500005700;10014;
500005701;10008;Client Type 14
500005702;10006;
500005703;10036;
500005704;10008;
500005705;10123;
500005706;10090;
500005707;10014;
500005708;10029;Client Type 4
500005709;10008;
500005710;10245;
500005711;10017;
500005712;10052;
500005713;10023;
500005714;10017;
500005715;10008;
500005716;10017;Client Type 2
500005717;10014;
500005718;10014;
500005719;10004;Client Type 4
500005720;10002;Client Type 7
500005721;10008;Client Type 2
500005722;10008;
500005723;10008;Client Type 1
500005724;10048;
500005725;10228;
500005726;10246;
500005727;10141;
500005728;10010;
500005729;10247;
500005730;10083;Client Type 4
500005731;10002;
500005732;10006;
500005733;10228;
500005734;10141;
500005735;10248;
500005736;10249;
500005737;10145;Client Type 2
500005738;10250;
500005739;10016;
500005740;10010;
500005741;10027;
500005742;10004;
500005743;10017;
500005744;10011;
500005745;10036;Client Type 2
500005746;10016;
500005747;10008;Client Type 2
500005748;10008;
500005749;10014;Client Type 4
500005750;10008;Client Type 8
500005751;10002;Client Type 4
500005752;10014;
500005753;10008;
500005754;10008;
500005755;10002;
500005756;10014;
500005757;10034;
500005758;10014;Client Type 4
500005759;10006;
500005760;10027;Client Type 7
500005761;10010;
500005762;10004;
500005763;10033;Client Type 9
500005764;10161;
500005765;10006;Client Type 2
500005766;10008;
500005767;10014;
500005768;10014;Client Type 2
500005769;10008;
500005770;10029;
500005771;10046;Client Type 3
500005772;10008;
500005773;10056;
500005774;10006;
500005775;10095;
500005776;10095;
500005777;10095;
500005778;10095;
500005779;10014;
500005780;10213;
500005781;10213;
500005782;10213;
500005783;10213;
500005784;10213;
500005785;10213;
500005786;10213;
500005787;10251;Client Type 1
500005788;10042;
500005789;10004;
500005790;10033;
500005791;10027;
500005792;10010;
500005793;10008;
500005794;10014;
500005795;10022;Client Type 6
500005796;10004;
500005797;10008;
500005798;10017;
500005799;10018;
500005800;10234;
500005801;10012;
500005802;10017;
500005803;10196;
500005804;10003;
500005805;10010;
500005806;10164;Client Type 1
500005807;10045;Client Type 1
500005808;10161;Client Type 1
500005809;10079;
500005810;10017;
500005811;10014;
500005812;10018;Client Type 4
500005813;10018;
500005814;10122;
500005815;10008;
500005816;10083;
500005817;10180;Client Type 1
500005818;10008;Client Type 6
500005819;10046;
500005820;10052;Client Type 3
500005821;10035;
500005822;10008;
500005823;10083;Client Type 3
500005824;10006;Client Type 6
500005825;10014;
500005826;10014;
500005827;10019;
500005828;10002;
500005829;10004;
500005830;10121;
500005831;10035;
500005832;10008;
500005833;10056;
500005834;10056;
500005835;10009;Client Type 2
500005836;10022;Client Type 1
500005837;10252;Client Type 2
500005838;10033;Client Type 6
500005839;10040;Client Type 3
500005840;10008;Client Type 8
500005841;10005;
500005842;10234;
500005843;10022;
500005844;10040;
500005845;10056;
500005846;10015;
500005847;10014;
500005848;10008;
500005849;10004;
500005850;10014;
500005851;10046;
500005852;10016;
500005853;10052;
500005854;10017;Client Type 2
500005855;10002;
500005856;10016;Client Type 2
500005857;10040;
500005858;10040;
500005859;10083;
500005860;10052;Client Type 3
500005861;10045;
500005862;10037;
500005863;10011;Client Type 6
500005864;10013;
500005865;10017;
500005866;10032;
500005867;10032;
500005868;10006;
500005869;10027;Client Type 1
500005870;10014;
500005871;10014;Client Type 2
500005872;10046;
500005873;10018;
500005874;10018;
500005875;10002;
500005876;10004;
500005877;10004;
500005878;10004;
500005879;10008;
500005880;10008;
500005881;10018;
500005882;10018;Client Type 1
500005883;10052;
500005884;10014;Client Type 16
500005885;10004;
500005886;10052;
500005887;10011;Client Type 1
500005888;10013;
500005889;10035;Client Type 4
500005890;10033;
500005891;10023;
500005892;10035;Client Type 6
500005893;10023;
500005894;10033;Client Type 1
500005895;10014;Client Type 1
500005896;10002;
500005897;10056;
500005898;10008;
500005899;10051;
500005900;10002;
500005901;10013;
500005902;10007;Client Type 4
500005903;10036;
500005904;10015;
500005905;10015;
500005906;10008;
500005907;10014;Client Type 2
500005908;10008;
500005909;10241;
500005910;10037;
500005911;10081;
500005912;10014;
500005913;10180;
500005914;10052;
500005915;10008;
500005916;10121;
500005917;10004;Client Type 14
500005918;10139;
500005919;10056;
500005920;10007;
500005921;10007;
500005922;10007;
500005923;10033;Client Type 17
500005924;10032;Client Type 1
500005925;10253;
500005926;10005;
500005927;10002;
500005928;10081;
500005929;10044;
500005930;10102;
500005931;10040;Client Type 5
500005932;10006;
500005933;10086;
500005934;10035;
500005935;10015;Client Type 2
500005936;10041;
500005937;10013;
500005938;10030;
500005939;10011;
500005940;10046;
500005941;10156;
500005942;10023;
500005943;10006;
500005944;10007;
500005945;10052;
500005946;10046;Client Type 6
500005947;10102;
500005948;10008;
500005949;10035;
500005950;10035;
500005951;10046;
500005952;10103;
500005953;10030;
500005954;10046;Client Type 4
500005955;10002;
500005956;10008;
500005957;10003;
500005958;10006;Client Type 1
500005959;10006;Client Type 1
500005960;10006;Client Type 1
500005961;10006;Client Type 1
500005962;10103;
500005963;10035;
500005964;10008;
500005965;10004;
500005966;10013;
500005967;10008;
500005968;10011;Client Type 2
500005969;10011;
500005970;10234;
500005971;10036;Client Type 1
500005972;10008;
500005973;10035;
500005974;10008;
500005975;10016;
500005976;10037;
500005977;10022;
500005978;10011;
500005979;10014;
500005980;10047;
500005981;10254;
500005982;10083;
500005983;10035;
500005984;10002;
500005985;10012;
500005986;10014;Client Type 1
500005987;10086;
500005988;10081;Client Type 1
500005989;10033;
500005990;10004;Client Type 1
500005991;10037;
500005992;10006;
500005993;10140;Client Type 3
500005994;10009;
500005995;10012;Client Type 6
500005996;10205;Client Type 1
500005997;10010;Client Type 6
500005998;10081;Client Type 1
500005999;10020;
500006000;10029;
500006001;10002;Client Type 18
500006002;10002;
500006003;10032;Client Type 16
500006004;10002;
500006005;10002;
500006006;10145;
500006007;10011;
500006008;10123;Client Type 1
500006009;10004;
500006010;10035;Client Type 4
500006011;10104;
500006012;10104;
500006013;10255;
500006014;10010;
500006015;10006;
500006016;10004;
500006017;10014;
500006018;10011;
500006019;10032;
500006020;10213;
500006021;10008;
500006022;10052;Client Type 1
500006023;10008;
500006024;10081;
500006025;10002;
500006026;10011;
500006027;10012;
500006028;10104;
500006029;10123;
500006030;10051;Client Type 4
500006031;10012;
500006032;10014;
500006033;10014;
500006034;10029;
500006035;10081;
500006036;10002;Client Type 1
500006037;10004;
500006038;10008;
500006039;10002;
500006040;10008;
500006041;10002;Client Type 4
500006042;10037;Client Type 7
500006043;10102;
500006044;10013;Client Type 6
500006045;10036;
500006046;10008;
500006047;10008;
500006048;10008;Client Type 4
500006049;10051;
500006050;10010;Client Type 1
500006051;10016;
500006052;10036;
500006053;10015;Client Type 5
500006054;10008;
500006055;10008;
500006056;10008;Client Type 1
500006057;10008;
500006058;10008;
500006059;10008;
500006060;10008;
500006061;10008;
500006062;10005;
500006063;10002;Client Type 19
500006064;10008;Client Type 8
500006065;10008;
500006066;10094;
500006067;10008;
500006068;10008;Client Type 6
500006069;10005;
500006070;10104;
500006071;10052;
500006072;10162;
500006073;10046;
500006074;10090;
500006075;10256;Client Type 1
500006076;10033;Client Type 7
500006077;10046;
500006078;10121;
500006079;10018;
500006080;10002;
500006081;10002;
500006082;10023;
500006083;10002;Client Type 1
500006084;10010;Client Type 1
500006085;10016;
500006086;10043;
500006087;10036;Client Type 2
500006088;10005;Client Type 6
500006089;10020;
500006090;10027;Client Type 7
500006091;10035;Client Type 1
500006092;10012;
500006093;10019;
500006094;10015;Client Type 4
500006095;10139;
500006096;10020;
500006097;10020;
500006098;10008;
500006099;10008;
500006100;10027;
500006101;10036;
500006102;10032;
500006103;10043;Client Type 1
500006104;10239;
500006105;10239;
500006106;10089;
500006107;10052;
500006108;10008;
500006109;10122;
500006110;10008;
500006111;10029;Client Type 16
500006112;10081;
500006113;10164;Client Type 1
500006114;10002;Client Type 1
500006115;10035;
500006116;10002;Client Type 2
500006117;10002;
500006118;10014;
500006119;10006;
500006120;10006;
500006121;10033;
500006122;10179;
500006123;10002;
500006124;10210;Client Type 3
500006125;10183;
500006126;10002;
500006127;10008;
500006128;10002;Client Type 20
500006129;10002;Client Type 1
500006130;10179;
500006131;10022;
500006132;10029;
500006133;10011;
500006134;10008;Client Type 4
500006135;10163;Client Type 2
500006136;10002;Client Type 3
500006137;10010;Client Type 3
500006138;10179;
500006139;10005;
500006140;10014;
500006141;10009;
500006142;10002;
500006143;10018;Client Type 21
500006144;10002;Client Type 16
500006145;10019;Client Type 1
500006146;10030;
500006147;10010;
500006148;10010;
500006149;10010;
500006150;10010;
500006151;10010;
500006152;10010;
500006153;10010;
500006154;10010;
500006155;10008;Client Type 22
500006156;10032;
500006157;10004;
500006158;10095;
500006159;10004;Client Type 1
500006160;10038;
500006161;10002;
500006162;10043;
500006163;10027;
500006164;10036;
500006165;10036;
500006166;10056;
500006167;10002;
500006168;10016;
500006169;10010;
500006170;10011;
500006171;10011;
500006172;10011;
500006173;10008;
500006174;10103;
500006175;10042;
500006176;10010;
500006177;10008;Client Type 4
500006178;10015;
500006179;10027;
500006180;10257;
500006181;10002;
500006182;10008;Client Type 2
500006183;10206;
500006184;10009;
500006185;10002;
500006186;10083;Client Type 4
500006187;10011;Client Type 1
500006188;10102;Client Type 4
500006189;10002;
500006190;10008;
500006191;10008;
500006192;10051;
500006193;10029;Client Type 9
500006194;10010;
500006195;10011;
500006196;10180;
500006197;10016;
500006198;10043;
500006199;10015;
500006200;10002;
500006201;10002;
500006202;10102;
500006203;10008;
500006204;10002;
500006205;10156;
500006206;10008;
500006207;10191;Client Type 1
500006208;10002;
500006209;10008;
500006210;10041;
500006211;10027;
500006212;10010;
500006213;10007;
500006214;10010;
500006215;10008;
500006216;10256;
500006217;10228;
500006218;10002;Client Type 1
500006219;10258;Client Type 4
500006220;10016;
500006221;10010;Client Type 23
500006222;10014;
500006223;10006;
500006224;10014;
500006225;10002;
500006226;10002;
500006227;10002;
500006228;10011;
500006229;10006;
500006230;10004;
500006231;10104;Client Type 6
500006232;10018;
500006233;10040;Client Type 1
500006234;10006;
500006235;10002;
500006236;10037;Client Type 6
500006237;10007;Client Type 5
500006238;10177;Client Type 6
500006239;10040;Client Type 1
500006240;10174;Client Type 6
500006241;10004;Client Type 6
500006242;10008;Client Type 6
500006243;10186;Client Type 1
500006244;10040;Client Type 2
500006245;10087;Client Type 2
500006246;10016;Client Type 11
500006247;10008;Client Type 23
500006248;10037;Client Type 1
500006249;10045;Client Type 1
500006250;10002;Client Type 1
500006251;10027;Client Type 1
500006252;10004;Client Type 1
500006253;10047;Client Type 1
500006254;10259;Client Type 1
500006255;10014;Client Type 24
500006256;10043;Client Type 1
500006257;10029;Client Type 1
500006258;10012;Client Type 1
500006259;10002;Client Type 1
500006260;10008;Client Type 1
500006261;10196;Client Type 1
500006262;10004;Client Type 1
500006263;10029;Client Type 2
500006264;10004;Client Type 2
500006265;10004;Client Type 2
500006266;10022;Client Type 2
500006267;10008;Client Type 2
500006268;10029;Client Type 2
500006269;10008;Client Type 2
500006270;10017;Client Type 2
500006271;10029;Client Type 2
500006272;10010;Client Type 2
500006273;10017;Client Type 2
500006274;10002;Client Type 2
500006275;10010;Client Type 6
500006276;10008;Client Type 2
500006277;10029;Client Type 2
500006278;10004;Client Type 2
500006279;10023;Client Type 2
500006280;10023;Client Type 2
500006281;10010;Client Type 2
500006282;10002;Client Type 2
500006283;10002;Client Type 2
500006284;10017;Client Type 2
500006285;10110;Client Type 2
500006286;10010;Client Type 2
500006287;10023;Client Type 2
500006288;10029;Client Type 2
500006289;10008;Client Type 2
500006290;10008;Client Type 2
500006291;10008;Client Type 2
500006292;10008;Client Type 2
500006293;10014;Client Type 24
500006294;10005;Client Type 6
500006295;10246;Client Type 3
500006296;10067;Client Type 3
500006297;10002;Client Type 1
500006298;10020;Client Type 1
500006299;10022;Client Type 1
500006300;10038;Client Type 2
500006301;10004;Client Type 1
500006302;10011;Client Type 1
500006303;10007;Client Type 6
500006304;10004;Client Type 2
500006305;10007;Client Type 10
500006306;10022;Client Type 6
500006307;10006;Client Type 1
500006308;10010;Client Type 1
500006309;10019;Client Type 6
500006310;10002;Client Type 6
500006311;10008;Client Type 6
500006312;10002;Client Type 6
500006313;10008;Client Type 6
500006314;10256;Client Type 6
500006315;10256;Client Type 6
500006316;10014;Client Type 6
500006317;10014;Client Type 6
500006318;10022;Client Type 6
500006319;10002;Client Type 9
500006320;10023;Client Type 9
500006321;10164;Client Type 11
500006322;10002;Client Type 6
500006323;10006;Client Type 1
500006324;10179;Client Type 1
500006325;10014;Client Type 4
500006326;10008;Client Type 6
500006327;10004;Client Type 6
500006328;10004;Client Type 6
500006329;10023;Client Type 6
500006330;10010;Client Type 6
500006331;10008;Client Type 2
500006332;10018;Client Type 5
500006333;10010;Client Type 23
500006334;10018;Client Type 6
500006335;10027;Client Type 6
500006336;10020;Client Type 6
500006337;10036;Client Type 6
500006338;10008;Client Type 6
500006339;10002;Client Type 20
500006340;10029;Client Type 6
500006341;10019;Client Type 6
500006342;10008;Client Type 6
500006343;10022;Client Type 6
500006344;10015;Client Type 6
500006345;10015;Client Type 6
500006346;10002;Client Type 6
500006347;10002;Client Type 6
500006348;10002;Client Type 6
500006349;10016;Client Type 6
500006350;10016;Client Type 6
500006351;10009;Client Type 6
500006352;10042;Client Type 2
500006353;10016;Client Type 6
500006354;10009;Client Type 6
500006355;10010;Client Type 22
500006356;10066;Client Type 2
500006357;10033;Client Type 6
500006358;10056;
500006359;10004;Client Type 6
500006360;10004;Client Type 6
500006361;10008;Client Type 9
500006362;10022;Client Type 6
500006363;10011;Client Type 4
500006364;10010;Client Type 6
500006365;10022;Client Type 6
500006366;10022;Client Type 6
500006367;10027;Client Type 6
500006368;10057;Client Type 6
500006369;10047;Client Type 1
500006370;10029;Client Type 6
500006371;10011;Client Type 6
500006372;10014;Client Type 6
500006373;10044;Client Type 6
500006374;10256;Client Type 1
500006375;10046;Client Type 6
500006376;10033;Client Type 6
500006377;10044;Client Type 6
500006378;10002;Client Type 1
500006379;10002;Client Type 3
500006380;10008;Client Type 9
500006381;10010;Client Type 1
500006382;10010;Client Type 1
500006383;10090;Client Type 6
500006384;10008;Client Type 1
500006385;10260;Client Type 4
500006386;10023;Client Type 9
500006387;10011;Client Type 4
500006388;10002;Client Type 6
500006389;10004;Client Type 3
500006390;10004;Client Type 6
500006391;10164;Client Type 6
500006392;10002;Client Type 1
500006393;10010;Client Type 1
500006394;10002;Client Type 1
500006395;10002;Client Type 1
500006396;10008;Client Type 6
500006397;10191;Client Type 1
500006398;10123;Client Type 1
500006399;10010;Client Type 2
500006400;10010;Client Type 6
500006401;10033;Client Type 1
500006402;10145;Client Type 6
500006403;10261;Client Type 14
500006404;10261;Client Type 14
500006405;10010;Client Type 6
500006406;10104;Client Type 4
500006407;10010;Client Type 6
500006408;10010;Client Type 6
500006409;10013;Client Type 25
500006410;10006;Client Type 1
500006411;10037;Client Type 1
500006412;10018;Client Type 7
500006413;10002;Client Type 6
500006414;10008;Client Type 6
500006415;10002;Client Type 6
500006416;10002;Client Type 6
500006417;10002;Client Type 1
500006418;10256;Client Type 1
500006419;10256;Client Type 1
500006420;10010;Client Type 1
500006421;10008;Client Type 1
500006422;10023;Client Type 4
500006423;10032;Client Type 2
500006424;10046;Client Type 4
500006425;10004;Client Type 17
500006426;10002;Client Type 4
500006427;10004;Client Type 4
500006428;10010;Client Type 6
500006429;10002;Client Type 6
500006430;10056;Client Type 6
500006431;10079;Client Type 6
500006432;10161;Client Type 6
500006433;10179;Client Type 6
500006434;10014;Client Type 26
500006435;10056;Client Type 6
500006436;10008;Client Type 1
500006437;10008;Client Type 1
500006438;10008;Client Type 1
500006439;10008;Client Type 1
500006440;10008;Client Type 1
500006441;10008;Client Type 1
500006442;10008;Client Type 1
500006443;10008;Client Type 1
500006444;10018;Client Type 3
500006445;10094;Client Type 1
500006446;10052;Client Type 1
500006447;10007;Client Type 10
500006448;10188;
500006449;10079;
500006450;10181;
500006451;10094;
500006452;10167;
500006453;10135;
500006454;10015;
500006455;10022;
500006456;10130;
500006457;10036;
500006458;10182;
500006459;10252;
500006460;10004;
500006461;10012;
500006462;10051;
