ID Product;Product Description;ID Product Category
300001;Description 1;Category 1
300002;Description 2;Category 2
300003;Description 3;Category 2
300004;Description 4;Category 3
300005;Description 5;Category 3
300006;Description 6;Category 3
300007;Description 7;Category 4
300008;Description 8;Category 3
300009;Description 9;Category 4
300010;Description 10;Category 5
300011;Description 11;Category 6
300012;Description 12;Category 7
300013;Description 13;Category 4
300014;Description 14;Category 8
300015;Description 15;Category 9
300016;Description 16;Category 10
300017;Description 17;Category 11
300018;Description 18;Category 12
300019;Description 19;Category 13
300020;Description 20;Category 14
300021;Description 21;Category 15
300022;Description 22;Category 16
300023;Description 23;Category 17
300024;Description 24;Category 18
300025;Description 25;Category 19
300026;Description 26;Category 17
300027;Description 27;Category 20
300028;Description 28;Category 21
300029;Description 29;Category 22
300030;Description 30;Category 23
300031;Description 31;Category 5
300032;Description 32;Category 24
300033;Description 33;Category 15
300034;Description 34;Category 25
300035;Description 35;Category 15
300036;Description 36;Category 2
300037;Description 37;Category 26
300038;Description 38;Category 27
300039;Description 39;Category 27
300040;Description 40;Category 28
300041;Description 41;Category 5
300042;Description 42;Category 29
300043;Description 43;Category 13
300044;Description 44;Category 30
300045;Description 45;Category 16
300046;Description 46;Category 31
300047;Description 47;Category 32
300048;Description 48;Category 33
300049;Description 49;Category 32
300050;Description 50;Category 34
300051;Description 51;Category 29
300052;Description 52;Category 33
300053;Description 53;Category 35
300054;Description 54;Category 33
300055;Description 55;Category 36
300056;Description 56;Category 37
300057;Description 57;Category 1
300058;Description 58;Category 13
300059;Description 59;Category 15
300060;Description 60;Category 15
300061;Description 61;Category 38
300062;Description 62;Category 20
300063;Description 63;Category 39
300064;Description 64;Category 29
300065;Description 65;Category 5
300066;Description 66;Category 20
300067;Description 67;Category 4
300068;Description 68;Category 40
300069;Description 69;Category 1
300070;Description 70;Category 41
300071;Description 71;Category 21
300072;Description 72;Category 24
300073;Description 73;Category 5
300074;Description 74;Category 42
300075;Description 75;Category 43
300076;Description 76;Category 43
300077;Description 77;Category 44
300078;Description 78;Category 45
300079;Description 79;Category 46
300080;Description 80;Category 46
300081;Description 81;Category 46
300082;Description 82;Category 47
300083;Description 83;Category 46
300084;Description 84;Category 48
300085;Description 85;Category 27
300086;Description 86;Category 6
300087;Description 87;Category 46
300088;Description 88;Category 46
300089;Description 89;Category 47
300090;Description 90;Category 31
300091;Description 91;Category 13
300092;Description 92;Category 49
300093;Description 93;Category 15
300094;Description 94;Category 50
300095;Description 95;Category 51
300096;Description 96;Category 38
300097;Description 97;Category 52
300098;Description 98;Category 20
300099;Description 99;Category 53
300100;Description 100;Category 6
300101;Description 101;Category 32
300102;Description 102;Category 20
300103;Description 103;Category 28
300104;Description 104;Category 54
300105;Description 105;Category 55
300106;Description 106;Category 56
300107;Description 107;Category 57
300108;Description 108;Category 58
300109;Description 109;Category 13
300110;Description 110;Category 2
300111;Description 111;Category 2
300112;Description 112;Category 3
300113;Description 113;Category 3
300114;Description 114;Category 3
300115;Description 115;Category 3
300116;Description 116;Category 30
300117;Description 117;Category 30
300118;Description 118;Category 30
300119;Description 119;Category 58
300120;Description 120;Category 5
300121;Description 121;Category 59
300122;Description 122;Category 20
300123;Description 123;Category 40
300124;Description 124;Category 3
300125;Description 125;Category 15
300126;Description 126;Category 60
300127;Description 127;Category 52
300128;Description 128;Category 37
300129;Description 129;Category 61
300130;Description 130;Category 3
300131;Description 131;Category 3
300132;Description 132;Category 30
300133;Description 133;Category 2
300134;Description 134;Category 19
300135;Description 135;Category 62
300136;Description 136;Category 33
300137;Description 137;Category 31
300138;Description 138;Category 52
300139;Description 139;Category 3
300140;Description 140;Category 49
300141;Description 141;Category 45
300142;Description 142;Category 35
300143;Description 143;Category 8
300144;Description 144;Category 48
300145;Description 145;Category 63
300146;Description 146;Category 64
300147;Description 147;Category 65
300148;Description 148;Category 11
300149;Description 149;Category 63
300150;Description 150;Category 16
300151;Description 151;Category 24
300152;Description 152;Category 15
300153;Description 153;Category 31
300154;Description 154;Category 1
300155;Description 155;Category 66
300156;Description 156;Category 21
300157;Description 157;Category 67
300158;Description 158;Category 8
300159;Description 159;Category 24
300160;Description 160;Category 67
300161;Description 161;Category 15
300162;Description 162;Category 68
300163;Description 163;Category 69
300164;Description 164;Category 70
300165;Description 165;Category 15
300166;Description 166;Category 24
300167;Description 167;Category 71
300168;Description 168;Category 38
300169;Description 169;Category 44
300170;Description 170;Category 72
300171;Description 171;Category 73
300172;Description 172;Category 44
300173;Description 173;Category 74
300174;Description 174;Category 75
300175;Description 175;Category 76
300176;Description 176;Category 77
300177;Description 177;Category 54
300178;Description 178;Category 78
300179;Description 179;Category 1
300180;Description 180;Category 79
300181;Description 181;Category 77
300182;Description 182;Category 80
300183;Description 183;Category 81
300184;Description 184;Category 71
300185;Description 185;Category 33
300186;Description 186;Category 16
300187;Description 187;Category 21
300188;Description 188;Category 5
300189;Description 189;Category 2
300190;Description 190;Category 82
300191;Description 191;Category 15
300192;Description 192;Category 83
300193;Description 193;Category 84
300194;Description 194;Category 49
300195;Description 195;Category 71
300196;Description 196;Category 27
300197;Description 197;Category 85
300198;Description 198;Category 85
300199;Description 199;Category 78
300200;Description 200;Category 46
300201;Description 201;Category 15
300202;Description 202;Category 11
300203;Description 203;Category 11
300204;Description 204;Category 57
300205;Description 205;Category 2
300206;Description 206;Category 2
300207;Description 207;Category 4
300208;Description 208;Category 4
300209;Description 209;Category 2
300210;Description 210;Category 20
300211;Description 211;Category 6
300212;Description 212;Category 31
300213;Description 213;Category 24
300214;Description 214;Category 3
300215;Description 215;Category 3
300216;Description 216;Category 82
300217;Description 217;Category 5
300218;Description 218;Category 68
300219;Description 219;Category 3
300220;Description 220;Category 15
300221;Description 221;Category 86
300222;Description 222;Category 3
300223;Description 223;Category 71
300224;Description 224;Category 87
300225;Description 225;Category 49
300226;Description 226;Category 32
300227;Description 227;Category 59
300228;Description 228;Category 88
300229;Description 229;Category 5
300230;Description 230;Category 5
300231;Description 231;Category 89
300232;Description 232;Category 15
300233;Description 233;Category 20
300234;Description 234;Category 29
300235;Description 235;Category 29
300236;Description 236;Category 29
300237;Description 237;Category 29
300238;Description 238;Category 90
300239;Description 239;Category 78
300240;Description 240;Category 21
300241;Description 241;Category 91
300242;Description 242;Category 16
300243;Description 243;Category 55
300244;Description 244;Category 92
300245;Description 245;Category 93
300246;Description 246;Category 94
300247;Description 247;Category 49
300248;Description 248;Category 15
300249;Description 249;Category 95
300250;Description 250;Category 21
300251;Description 251;Category 2
300252;Description 252;Category 2
300253;Description 253;Category 3
300254;Description 254;Category 2
300255;Description 255;Category 2
300256;Description 256;Category 2
300257;Description 257;Category 2
300258;Description 258;Category 14
300259;Description 259;Category 78
300260;Description 260;Category 96
300261;Description 261;Category 87
300262;Description 262;Category 46
300263;Description 263;Category 84
300264;Description 264;Category 97
300265;Description 265;Category 98
300266;Description 266;Category 99
300267;Description 267;Category 100
300268;Description 268;Category 3
300269;Description 269;Category 3
300270;Description 270;Category 30
300271;Description 271;Category 47
300272;Description 272;Category 11
300273;Description 273;Category 11
300274;Description 274;Category 84
300275;Description 275;Category 98
300276;Description 276;Category 15
300277;Description 277;Category 57
300278;Description 278;Category 56
300279;Description 279;Category 95
300280;Description 280;Category 10
300281;Description 281;Category 5
300282;Description 282;Category 101
300283;Description 283;Category 102
300284;Description 284;Category 20
300285;Description 285;Category 1
300286;Description 286;Category 56
300287;Description 287;Category 57
300288;Description 288;Category 103
300289;Description 289;Category 104
300290;Description 290;Category 1
300291;Description 291;Category 56
300292;Description 292;Category 57
300293;Description 293;Category 56
300294;Description 294;Category 49
300295;Description 295;Category 101
300296;Description 296;Category 49
300297;Description 297;Category 5
300298;Description 298;Category 5
300299;Description 299;Category 15
300300;Description 300;Category 38
300301;Description 301;Category 105
300302;Description 302;Category 3
300303;Description 303;Category 58
300304;Description 304;Category 4
300305;Description 305;Category 57
300306;Description 306;Category 27
300307;Description 307;Category 32
300308;Description 308;Category 57
300309;Description 309;Category 56
300310;Description 310;Category 15
300311;Description 311;Category 15
300312;Description 312;Category 106
300313;Description 313;Category 15
300314;Description 314;Category 58
300315;Description 315;Category 59
300316;Description 316;Category 2
300317;Description 317;Category 3
300318;Description 318;Category 107
300319;Description 319;Category 108
300320;Description 320;Category 57
300321;Description 321;Category 3
300322;Description 322;Category 15
300323;Description 323;Category 20
300324;Description 324;Category 16
300325;Description 325;Category 86
300326;Description 326;Category 15
300327;Description 327;Category 49
300328;Description 328;Category 55
300329;Description 329;Category 63
300330;Description 330;Category 71
300331;Description 331;Category 57
300332;Description 332;Category 29
300333;Description 333;Category 109
300334;Description 334;Category 109
300335;Description 335;Category 109
300336;Description 336;Category 109
300337;Description 337;Category 56
300338;Description 338;Category 2
300339;Description 339;Category 94
300340;Description 340;Category 94
300341;Description 341;Category 15
300342;Description 342;Category 34
300343;Description 343;Category 68
300344;Description 344;Category 87
300345;Description 345;Category 105
300346;Description 346;Category 2
300347;Description 347;Category 107
300348;Description 348;Category 69
300349;Description 349;Category 110
300350;Description 350;Category 111
300351;Description 351;Category 59
300352;Description 352;Category 47
300353;Description 353;Category 22
300354;Description 354;Category 69
300355;Description 355;Category 69
300356;Description 356;Category 95
300357;Description 357;Category 13
300358;Description 358;Category 112
300359;Description 359;Category 2
300360;Description 360;Category 3
300361;Description 361;Category 2
300362;Description 362;Category 113
300363;Description 363;Category 2
300364;Description 364;Category 48
300365;Description 365;Category 114
300366;Description 366;Category 3
300367;Description 367;Category 30
300368;Description 368;Category 101
300369;Description 369;Category 101
300370;Description 370;Category 100
300371;Description 371;Category 19
300372;Description 372;Category 114
300373;Description 373;Category 82
300374;Description 374;Category 55
300375;Description 375;Category 88
300376;Description 376;Category 106
300377;Description 377;Category 113
300378;Description 378;Category 44
300379;Description 379;Category 42
300380;Description 380;Category 91
300381;Description 381;Category 49
300382;Description 382;Category 77
300383;Description 383;Category 44
300384;Description 384;Category 115
300385;Description 385;Category 51
300386;Description 386;Category 39
300387;Description 387;Category 3
300388;Description 388;Category 39
300389;Description 389;Category 113
300390;Description 390;Category 22
300391;Description 391;Category 22
300392;Description 392;Category 3
300393;Description 393;Category 15
300394;Description 394;Category 116
300395;Description 395;Category 56
300396;Description 396;Category 57
300397;Description 397;Category 20
300398;Description 398;Category 117
300399;Description 399;Category 118
300400;Description 400;Category 8
300401;Description 401;Category 42
300402;Description 402;Category 42
300403;Description 403;Category 13
300404;Description 404;Category 40
300405;Description 405;Category 40
300406;Description 406;Category 32
300407;Description 407;Category 40
300408;Description 408;Category 15
300409;Description 409;Category 15
300410;Description 410;Category 119
300411;Description 411;Category 15
300412;Description 412;Category 38
300413;Description 413;Category 3
300414;Description 414;Category 38
300415;Description 415;Category 17
300416;Description 416;Category 27
300417;Description 417;Category 17
300418;Description 418;Category 120
300419;Description 419;Category 121
300420;Description 420;Category 56
300421;Description 421;Category 56
300422;Description 422;Category 122
300423;Description 423;Category 56
300424;Description 424;Category 57
300425;Description 425;Category 15
300426;Description 426;Category 32
300427;Description 427;Category 123
300428;Description 428;Category 104
300429;Description 429;Category 104
300430;Description 430;Category 114
300431;Description 431;Category 102
300432;Description 432;Category 124
300433;Description 433;Category 52
300434;Description 434;Category 52
300435;Description 435;Category 99
300436;Description 436;Category 41
300437;Description 437;Category 51
300438;Description 438;Category 41
300439;Description 439;Category 34
300440;Description 440;Category 34
300441;Description 441;Category 34
300442;Description 442;Category 24
300443;Description 443;Category 88
300444;Description 444;Category 13
300445;Description 445;Category 30
300446;Description 446;Category 3
300447;Description 447;Category 125
300448;Description 448;Category 67
300449;Description 449;Category 11
300450;Description 450;Category 11
300451;Description 451;Category 113
300452;Description 452;Category 78
300453;Description 453;Category 126
300454;Description 454;Category 105
300455;Description 455;Category 15
300456;Description 456;Category 127
300457;Description 457;Category 22
300458;Description 458;Category 5
300459;Description 459;Category 13
300460;Description 460;Category 24
300461;Description 461;Category 11
300462;Description 462;Category 13
300463;Description 463;Category 52
300464;Description 464;Category 15
300465;Description 465;Category 113
300466;Description 466;Category 2
300467;Description 467;Category 13
300468;Description 468;Category 128
300469;Description 469;Category 20
300470;Description 470;Category 63
300471;Description 471;Category 129
300472;Description 472;Category 29
300473;Description 473;Category 29
300474;Description 474;Category 20
300475;Description 475;Category 68
300476;Description 476;Category 94
300477;Description 477;Category 61
300478;Description 478;Category 49
300479;Description 479;Category 130
300480;Description 480;Category 90
300481;Description 481;Category 131
300482;Description 482;Category 132
300483;Description 483;Category 42
300484;Description 484;Category 127
300485;Description 485;Category 92
300486;Description 486;Category 68
300487;Description 487;Category 21
300488;Description 488;Category 133
300489;Description 489;Category 15
300490;Description 490;Category 30
300491;Description 491;Category 47
300492;Description 492;Category 15
300493;Description 493;Category 15
300494;Description 494;Category 98
300495;Description 495;Category 15
300496;Description 496;Category 11
300497;Description 497;Category 3
300498;Description 498;Category 5
300499;Description 499;Category 31
300500;Description 500;Category 13
300501;Description 501;Category 13
300502;Description 502;Category 79
300503;Description 503;Category 123
300504;Description 504;Category 67
300505;Description 505;Category 3
300506;Description 506;Category 32
300507;Description 507;Category 134
300508;Description 508;Category 134
300509;Description 509;Category 11
300510;Description 510;Category 1
300511;Description 511;Category 135
300512;Description 512;Category 30
300513;Description 513;Category 15
300514;Description 514;Category 69
300515;Description 515;Category 118
300516;Description 516;Category 1
300517;Description 517;Category 136
300518;Description 518;Category 1
300519;Description 519;Category 57
300520;Description 520;Category 76
300521;Description 521;Category 27
300522;Description 522;Category 57
300523;Description 523;Category 56
300524;Description 524;Category 11
300525;Description 525;Category 93
300526;Description 526;Category 20
300527;Description 527;Category 15
300528;Description 528;Category 13
300529;Description 529;Category 2
300530;Description 530;Category 35
300531;Description 531;Category 86
300532;Description 532;Category 28
300533;Description 533;Category 38
300534;Description 534;Category 3
300535;Description 535;Category 137
300536;Description 536;Category 4
300537;Description 537;Category 138
300538;Description 538;Category 36
300539;Description 539;Category 139
300540;Description 540;Category 11
300541;Description 541;Category 11
300542;Description 542;Category 33
300543;Description 543;Category 11
300544;Description 544;Category 57
300545;Description 545;Category 42
300546;Description 546;Category 120
300547;Description 547;Category 118
300548;Description 548;Category 1
300549;Description 549;Category 1
300550;Description 550;Category 118
300551;Description 551;Category 46
300552;Description 552;Category 13
300553;Description 553;Category 15
300554;Description 554;Category 2
300555;Description 555;Category 2
300556;Description 556;Category 3
300557;Description 557;Category 140
300558;Description 558;Category 2
300559;Description 559;Category 3
300560;Description 560;Category 137
300561;Description 561;Category 28
300562;Description 562;Category 13
300563;Description 563;Category 61
300564;Description 564;Category 35
300565;Description 565;Category 56
300566;Description 566;Category 49
300567;Description 567;Category 22
300568;Description 568;Category 97
300569;Description 569;Category 13
300570;Description 570;Category 124
300571;Description 571;Category 123
300572;Description 572;Category 15
300573;Description 573;Category 29
300574;Description 574;Category 8
300575;Description 575;Category 109
300576;Description 576;Category 45
300577;Description 577;Category 35
300578;Description 578;Category 45
300579;Description 579;Category 131
300580;Description 580;Category 57
300581;Description 581;Category 24
300582;Description 582;Category 34
300583;Description 583;Category 62
300584;Description 584;Category 141
300585;Description 585;Category 15
300586;Description 586;Category 13
300587;Description 587;Category 15
300588;Description 588;Category 15
300589;Description 589;Category 30
300590;Description 590;Category 131
300591;Description 591;Category 90
300592;Description 592;Category 13
300593;Description 593;Category 54
300594;Description 594;Category 64
300595;Description 595;Category 46
300596;Description 596;Category 75
300597;Description 597;Category 75
300598;Description 598;Category 142
300599;Description 599;Category 142
300600;Description 600;Category 143
300601;Description 601;Category 2
300602;Description 602;Category 53
300603;Description 603;Category 13
300604;Description 604;Category 106
300605;Description 605;Category 13
300606;Description 606;Category 127
300607;Description 607;Category 59
300608;Description 608;Category 3
300609;Description 609;Category 81
300610;Description 610;Category 77
300611;Description 611;Category 135
300612;Description 612;Category 74
300613;Description 613;Category 40
300614;Description 614;Category 144
300615;Description 615;Category 135
300616;Description 616;Category 145
300617;Description 617;Category 74
300618;Description 618;Category 146
300619;Description 619;Category 146
300620;Description 620;Category 146
300621;Description 621;Category 147
300622;Description 622;Category 135
300623;Description 623;Category 79
300624;Description 624;Category 135
300625;Description 625;Category 2
300626;Description 626;Category 87
300627;Description 627;Category 80
300628;Description 628;Category 94
300629;Description 629;Category 146
300630;Description 630;Category 146
300631;Description 631;Category 1
300632;Description 632;Category 83
300633;Description 633;Category 15
300634;Description 634;Category 106
300635;Description 635;Category 79
300636;Description 636;Category 31
300637;Description 637;Category 31
300638;Description 638;Category 148
300639;Description 639;Category 148
300640;Description 640;Category 74
300641;Description 641;Category 74
300642;Description 642;Category 135
300643;Description 643;Category 1
300644;Description 644;Category 16
300645;Description 645;Category 135
300646;Description 646;Category 135
300647;Description 647;Category 135
300648;Description 648;Category 3
300649;Description 649;Category 4
300650;Description 650;Category 27
300651;Description 651;Category 97
300652;Description 652;Category 35
300653;Description 653;Category 15
300654;Description 654;Category 6
300655;Description 655;Category 46
300656;Description 656;Category 149
300657;Description 657;Category 15
300658;Description 658;Category 13
300659;Description 659;Category 2
300660;Description 660;Category 3
300661;Description 661;Category 3
300662;Description 662;Category 94
300663;Description 663;Category 16
300664;Description 664;Category 106
300665;Description 665;Category 106
300666;Description 666;Category 110
300667;Description 667;Category 150
300668;Description 668;Category 2
300669;Description 669;Category 107
300670;Description 670;Category 93
300671;Description 671;Category 151
300672;Description 672;Category 152
300673;Description 673;Category 60
300674;Description 674;Category 92
300675;Description 675;Category 56
300676;Description 676;Category 8
300677;Description 677;Category 48
300678;Description 678;Category 153
300679;Description 679;Category 154
300680;Description 680;Category 154
300681;Description 681;Category 143
300682;Description 682;Category 143
300683;Description 683;Category 3
300684;Description 684;Category 3
300685;Description 685;Category 22
300686;Description 686;Category 3
300687;Description 687;Category 95
300688;Description 688;Category 62
300689;Description 689;Category 13
300690;Description 690;Category 28
300691;Description 691;Category 15
300692;Description 692;Category 70
300693;Description 693;Category 68
300694;Description 694;Category 24
300695;Description 695;Category 16
300696;Description 696;Category 15
300697;Description 697;Category 83
300698;Description 698;Category 126
300699;Description 699;Category 11
300700;Description 700;Category 11
300701;Description 701;Category 11
300702;Description 702;Category 155
300703;Description 703;Category 24
300704;Description 704;Category 24
300705;Description 705;Category 23
300706;Description 706;Category 15
300707;Description 707;Category 15
300708;Description 708;Category 29
300709;Description 709;Category 89
300710;Description 710;Category 156
300711;Description 711;Category 57
300712;Description 712;Category 56
300713;Description 713;Category 56
300714;Description 714;Category 13
300715;Description 715;Category 15
300716;Description 716;Category 107
300717;Description 717;Category 63
300718;Description 718;Category 56
300719;Description 719;Category 107
300720;Description 720;Category 107
300721;Description 721;Category 32
300722;Description 722;Category 156
300723;Description 723;Category 28
300724;Description 724;Category 125
300725;Description 725;Category 156
300726;Description 726;Category 13
300727;Description 727;Category 63
300728;Description 728;Category 56
300729;Description 729;Category 15
300730;Description 730;Category 56
300731;Description 731;Category 56
300732;Description 732;Category 56
300733;Description 733;Category 57
300734;Description 734;Category 57
300735;Description 735;Category 107
300736;Description 736;Category 107
300737;Description 737;Category 107
300738;Description 738;Category 47
300739;Description 739;Category 89
300740;Description 740;Category 32
300741;Description 741;Category 13
300742;Description 742;Category 118
300743;Description 743;Category 157
300744;Description 744;Category 32
300745;Description 745;Category 107
300746;Description 746;Category 42
300747;Description 747;Category 157
300748;Description 748;Category 28
300749;Description 749;Category 119
300750;Description 750;Category 53
300751;Description 751;Category 113
300752;Description 752;Category 13
300753;Description 753;Category 13
300754;Description 754;Category 15
300755;Description 755;Category 13
300756;Description 756;Category 118
300757;Description 757;Category 32
300758;Description 758;Category 76
300759;Description 759;Category 57
300760;Description 760;Category 13
300761;Description 761;Category 24
300762;Description 762;Category 132
300763;Description 763;Category 31
300764;Description 764;Category 107
300765;Description 765;Category 5
300766;Description 766;Category 67
300767;Description 767;Category 158
300768;Description 768;Category 79
300769;Description 769;Category 57
300770;Description 770;Category 52
300771;Description 771;Category 15
300772;Description 772;Category 159
300773;Description 773;Category 36
300774;Description 774;Category 149
300775;Description 775;Category 38
300776;Description 776;Category 52
300777;Description 777;Category 52
300778;Description 778;Category 52
300779;Description 779;Category 113
300780;Description 780;Category 16
300781;Description 781;Category 41
300782;Description 782;Category 41
300783;Description 783;Category 41
300784;Description 784;Category 41
300785;Description 785;Category 113
300786;Description 786;Category 30
300787;Description 787;Category 135
300788;Description 788;Category 125
300789;Description 789;Category 112
300790;Description 790;Category 69
300791;Description 791;Category 13
300792;Description 792;Category 99
300793;Description 793;Category 99
300794;Description 794;Category 147
300795;Description 795;Category 135
300796;Description 796;Category 99
300797;Description 797;Category 135
300798;Description 798;Category 146
300799;Description 799;Category 93
300800;Description 800;Category 107
300801;Description 801;Category 44
300802;Description 802;Category 11
300803;Description 803;Category 13
300804;Description 804;Category 151
300805;Description 805;Category 151
300806;Description 806;Category 13
300807;Description 807;Category 160
300808;Description 808;Category 20
300809;Description 809;Category 98
300810;Description 810;Category 87
300811;Description 811;Category 13
300812;Description 812;Category 38
300813;Description 813;Category 46
300814;Description 814;Category 29
300815;Description 815;Category 46
300816;Description 816;Category 46
300817;Description 817;Category 61
300818;Description 818;Category 161
300819;Description 819;Category 47
300820;Description 820;Category 47
300821;Description 821;Category 47
300822;Description 822;Category 27
300823;Description 823;Category 162
300824;Description 824;Category 24
300825;Description 825;Category 163
300826;Description 826;Category 164
300827;Description 827;Category 165
300828;Description 828;Category 94
300829;Description 829;Category 94
300830;Description 830;Category 94
300831;Description 831;Category 3
300832;Description 832;Category 135
300833;Description 833;Category 135
300834;Description 834;Category 94
300835;Description 835;Category 7
300836;Description 836;Category 99
300837;Description 837;Category 99
300838;Description 838;Category 14
300839;Description 839;Category 33
300840;Description 840;Category 74
300841;Description 841;Category 135
300842;Description 842;Category 146
300843;Description 843;Category 146
300844;Description 844;Category 135
300845;Description 845;Category 99
300846;Description 846;Category 55
300847;Description 847;Category 55
300848;Description 848;Category 71
300849;Description 849;Category 35
300850;Description 850;Category 109
300851;Description 851;Category 63
300852;Description 852;Category 86
300853;Description 853;Category 105
300854;Description 854;Category 24
300855;Description 855;Category 3
300856;Description 856;Category 53
300857;Description 857;Category 2
300858;Description 858;Category 14
300859;Description 859;Category 69
300860;Description 860;Category 37
300861;Description 861;Category 127
300862;Description 862;Category 8
300863;Description 863;Category 70
300864;Description 864;Category 31
300865;Description 865;Category 74
300866;Description 866;Category 4
300867;Description 867;Category 166
300868;Description 868;Category 79
300869;Description 869;Category 146
300870;Description 870;Category 118
300871;Description 871;Category 118
300872;Description 872;Category 7
300873;Description 873;Category 34
300874;Description 874;Category 63
300875;Description 875;Category 56
300876;Description 876;Category 111
300877;Description 877;Category 53
300878;Description 878;Category 13
300879;Description 879;Category 59
300880;Description 880;Category 97
300881;Description 881;Category 123
300882;Description 882;Category 76
300883;Description 883;Category 42
300884;Description 884;Category 39
300885;Description 885;Category 42
300886;Description 886;Category 119
300887;Description 887;Category 99
300888;Description 888;Category 39
300889;Description 889;Category 13
300890;Description 890;Category 32
300891;Description 891;Category 14
300892;Description 892;Category 24
300893;Description 893;Category 167
300894;Description 894;Category 83
300895;Description 895;Category 57
300896;Description 896;Category 57
300897;Description 897;Category 56
300898;Description 898;Category 57
300899;Description 899;Category 44
300900;Description 900;Category 15
300901;Description 901;Category 13
300902;Description 902;Category 52
300903;Description 903;Category 13
300904;Description 904;Category 24
300905;Description 905;Category 13
300906;Description 906;Category 76
300907;Description 907;Category 44
300908;Description 908;Category 11
300909;Description 909;Category 31
300910;Description 910;Category 16
300911;Description 911;Category 56
300912;Description 912;Category 57
300913;Description 913;Category 62
300914;Description 914;Category 8
300915;Description 915;Category 56
300916;Description 916;Category 56
300917;Description 917;Category 137
300918;Description 918;Category 5
300919;Description 919;Category 118
300920;Description 920;Category 86
300921;Description 921;Category 22
300922;Description 922;Category 5
300923;Description 923;Category 168
300924;Description 924;Category 52
300925;Description 925;Category 49
300926;Description 926;Category 119
300927;Description 927;Category 76
300928;Description 928;Category 3
300929;Description 929;Category 3
300930;Description 930;Category 3
300931;Description 931;Category 4
300932;Description 932;Category 3
300933;Description 933;Category 3
300934;Description 934;Category 56
300935;Description 935;Category 15
300936;Description 936;Category 2
300937;Description 937;Category 125
300938;Description 938;Category 59
300939;Description 939;Category 3
300940;Description 940;Category 125
300941;Description 941;Category 156
300942;Description 942;Category 13
300943;Description 943;Category 155
300944;Description 944;Category 118
300945;Description 945;Category 20
300946;Description 946;Category 2
300947;Description 947;Category 20
300948;Description 948;Category 2
300949;Description 949;Category 27
300950;Description 950;Category 70
300951;Description 951;Category 119
300952;Description 952;Category 119
300953;Description 953;Category 166
300954;Description 954;Category 114
300955;Description 955;Category 135
300956;Description 956;Category 125
300957;Description 957;Category 125
300958;Description 958;Category 44
300959;Description 959;Category 44
300960;Description 960;Category 44
300961;Description 961;Category 44
300962;Description 962;Category 169
300963;Description 963;Category 146
300964;Description 964;Category 98
300965;Description 965;Category 3
300966;Description 966;Category 29
300967;Description 967;Category 32
300968;Description 968;Category 1
300969;Description 969;Category 49
300970;Description 970;Category 2
300971;Description 971;Category 65
300972;Description 972;Category 65
300973;Description 973;Category 65
300974;Description 974;Category 50
300975;Description 975;Category 49
300976;Description 976;Category 65
300977;Description 977;Category 49
300978;Description 978;Category 2
300979;Description 979;Category 11
300980;Description 980;Category 2
300981;Description 981;Category 8
300982;Description 982;Category 33
300983;Description 983;Category 112
300984;Description 984;Category 13
300985;Description 985;Category 112
300986;Description 986;Category 112
300987;Description 987;Category 112
300988;Description 988;Category 11
300989;Description 989;Category 112
300990;Description 990;Category 94
300991;Description 991;Category 101
300992;Description 992;Category 135
300993;Description 993;Category 143
300994;Description 994;Category 75
300995;Description 995;Category 142
300996;Description 996;Category 87
300997;Description 997;Category 80
300998;Description 998;Category 106
300999;Description 999;Category 131
301000;Description 1000;Category 1
301001;Description 1001;Category 2
301002;Description 1002;Category 3
301003;Description 1003;Category 24
301004;Description 1004;Category 5
301005;Description 1005;Category 91
301006;Description 1006;Category 11
301007;Description 1007;Category 63
301008;Description 1008;Category 15
301009;Description 1009;Category 56
301010;Description 1010;Category 56
301011;Description 1011;Category 52
301012;Description 1012;Category 36
301013;Description 1013;Category 15
301014;Description 1014;Category 99
301015;Description 1015;Category 52
301016;Description 1016;Category 150
301017;Description 1017;Category 94
301018;Description 1018;Category 68
301019;Description 1019;Category 53
301020;Description 1020;Category 69
301021;Description 1021;Category 40
301022;Description 1022;Category 40
301023;Description 1023;Category 15
301024;Description 1024;Category 39
301025;Description 1025;Category 170
301026;Description 1026;Category 122
301027;Description 1027;Category 15
301028;Description 1028;Category 15
301029;Description 1029;Category 170
301030;Description 1030;Category 5
301031;Description 1031;Category 13
301032;Description 1032;Category 15
301033;Description 1033;Category 56
301034;Description 1034;Category 13
301035;Description 1035;Category 15
301036;Description 1036;Category 85
301037;Description 1037;Category 165
301038;Description 1038;Category 13
301039;Description 1039;Category 35
301040;Description 1040;Category 171
301041;Description 1041;Category 2
301042;Description 1042;Category 163
301043;Description 1043;Category 17
301044;Description 1044;Category 120
301045;Description 1045;Category 28
301046;Description 1046;Category 44
301047;Description 1047;Category 68
301048;Description 1048;Category 152
301049;Description 1049;Category 57
301050;Description 1050;Category 56
301051;Description 1051;Category 34
301052;Description 1052;Category 29
301053;Description 1053;Category 11
301054;Description 1054;Category 47
301055;Description 1055;Category 24
301056;Description 1056;Category 137
301057;Description 1057;Category 52
301058;Description 1058;Category 119
301059;Description 1059;Category 111
301060;Description 1060;Category 66
301061;Description 1061;Category 86
301062;Description 1062;Category 40
301063;Description 1063;Category 30
301064;Description 1064;Category 106
301065;Description 1065;Category 34
301066;Description 1066;Category 172
301067;Description 1067;Category 87
301068;Description 1068;Category 172
301069;Description 1069;Category 87
301070;Description 1070;Category 70
301071;Description 1071;Category 67
301072;Description 1072;Category 15
301073;Description 1073;Category 33
301074;Description 1074;Category 89
301075;Description 1075;Category 173
301076;Description 1076;Category 173
301077;Description 1077;Category 174
301078;Description 1078;Category 175
301079;Description 1079;Category 28
301080;Description 1080;Category 15
301081;Description 1081;Category 54
301082;Description 1082;Category 62
301083;Description 1083;Category 61
301084;Description 1084;Category 87
301085;Description 1085;Category 42
301086;Description 1086;Category 113
301087;Description 1087;Category 46
301088;Description 1088;Category 109
301089;Description 1089;Category 118
301090;Description 1090;Category 176
301091;Description 1091;Category 177
301092;Description 1092;Category 106
301093;Description 1093;Category 65
301094;Description 1094;Category 80
301095;Description 1095;Category 91
301096;Description 1096;Category 20
301097;Description 1097;Category 16
301098;Description 1098;Category 76
301099;Description 1099;Category 81
301100;Description 1100;Category 178
301101;Description 1101;Category 13
301102;Description 1102;Category 15
301103;Description 1103;Category 13
301104;Description 1104;Category 11
301105;Description 1105;Category 15
301106;Description 1106;Category 79
301107;Description 1107;Category 44
301108;Description 1108;Category 11
301109;Description 1109;Category 15
301110;Description 1110;Category 15
301111;Description 1111;Category 103
301112;Description 1112;Category 41
301113;Description 1113;Category 77
301114;Description 1114;Category 45
301115;Description 1115;Category 13
301116;Description 1116;Category 77
301117;Description 1117;Category 77
301118;Description 1118;Category 46
301119;Description 1119;Category 56
301120;Description 1120;Category 57
301121;Description 1121;Category 56
301122;Description 1122;Category 179
301123;Description 1123;Category 139
301124;Description 1124;Category 20
301125;Description 1125;Category 15
301126;Description 1126;Category 15
301127;Description 1127;Category 34
301128;Description 1128;Category 71
301129;Description 1129;Category 11
301130;Description 1130;Category 33
301131;Description 1131;Category 33
301132;Description 1132;Category 68
301133;Description 1133;Category 77
301134;Description 1134;Category 29
301135;Description 1135;Category 77
301136;Description 1136;Category 27
301137;Description 1137;Category 2
301138;Description 1138;Category 180
301139;Description 1139;Category 30
301140;Description 1140;Category 2
301141;Description 1141;Category 89
301142;Description 1142;Category 166
301143;Description 1143;Category 89
301144;Description 1144;Category 114
301145;Description 1145;Category 142
301146;Description 1146;Category 11
301147;Description 1147;Category 99
301148;Description 1148;Category 87
301149;Description 1149;Category 57
301150;Description 1150;Category 57
301151;Description 1151;Category 57
301152;Description 1152;Category 41
301153;Description 1153;Category 13
301154;Description 1154;Category 13
301155;Description 1155;Category 33
301156;Description 1156;Category 181
301157;Description 1157;Category 80
301158;Description 1158;Category 16
301159;Description 1159;Category 61
301160;Description 1160;Category 67
301161;Description 1161;Category 11
301162;Description 1162;Category 132
301163;Description 1163;Category 105
301164;Description 1164;Category 57
301165;Description 1165;Category 8
301166;Description 1166;Category 60
301167;Description 1167;Category 24
301168;Description 1168;Category 15
301169;Description 1169;Category 14
301170;Description 1170;Category 14
301171;Description 1171;Category 99
301172;Description 1172;Category 99
301173;Description 1173;Category 151
301174;Description 1174;Category 14
301175;Description 1175;Category 155
301176;Description 1176;Category 86
301177;Description 1177;Category 61
301178;Description 1178;Category 182
301179;Description 1179;Category 21
301180;Description 1180;Category 182
301181;Description 1181;Category 13
301182;Description 1182;Category 183
301183;Description 1183;Category 11
301184;Description 1184;Category 21
301185;Description 1185;Category 13
301186;Description 1186;Category 81
301187;Description 1187;Category 77
301188;Description 1188;Category 8
301189;Description 1189;Category 184
301190;Description 1190;Category 118
301191;Description 1191;Category 94
301192;Description 1192;Category 94
301193;Description 1193;Category 13
301194;Description 1194;Category 90
301195;Description 1195;Category 185
301196;Description 1196;Category 11
301197;Description 1197;Category 13
301198;Description 1198;Category 53
301199;Description 1199;Category 76
301200;Description 1200;Category 177
301201;Description 1201;Category 142
301202;Description 1202;Category 142
301203;Description 1203;Category 153
301204;Description 1204;Category 153
301205;Description 1205;Category 186
301206;Description 1206;Category 90
301207;Description 1207;Category 154
301208;Description 1208;Category 187
301209;Description 1209;Category 51
301210;Description 1210;Category 17
301211;Description 1211;Category 11
301212;Description 1212;Category 56
301213;Description 1213;Category 85
301214;Description 1214;Category 13
301215;Description 1215;Category 35
301216;Description 1216;Category 11
301217;Description 1217;Category 11
301218;Description 1218;Category 26
301219;Description 1219;Category 27
301220;Description 1220;Category 113
301221;Description 1221;Category 15
301222;Description 1222;Category 85
301223;Description 1223;Category 15
301224;Description 1224;Category 125
301225;Description 1225;Category 47
301226;Description 1226;Category 3
301227;Description 1227;Category 15
301228;Description 1228;Category 6
301229;Description 1229;Category 21
301230;Description 1230;Category 132
301231;Description 1231;Category 126
301232;Description 1232;Category 155
301233;Description 1233;Category 84
301234;Description 1234;Category 57
301235;Description 1235;Category 169
301236;Description 1236;Category 15
301237;Description 1237;Category 22
301238;Description 1238;Category 8
301239;Description 1239;Category 15
301240;Description 1240;Category 13
301241;Description 1241;Category 56
301242;Description 1242;Category 56
301243;Description 1243;Category 103
301244;Description 1244;Category 56
301245;Description 1245;Category 56
301246;Description 1246;Category 13
301247;Description 1247;Category 109
301248;Description 1248;Category 15
301249;Description 1249;Category 35
301250;Description 1250;Category 15
301251;Description 1251;Category 137
301252;Description 1252;Category 5
301253;Description 1253;Category 69
301254;Description 1254;Category 68
301255;Description 1255;Category 16
301256;Description 1256;Category 13
301257;Description 1257;Category 27
301258;Description 1258;Category 96
301259;Description 1259;Category 13
301260;Description 1260;Category 27
301261;Description 1261;Category 106
301262;Description 1262;Category 77
301263;Description 1263;Category 188
301264;Description 1264;Category 113
301265;Description 1265;Category 32
301266;Description 1266;Category 31
301267;Description 1267;Category 89
301268;Description 1268;Category 52
301269;Description 1269;Category 65
301270;Description 1270;Category 51
301271;Description 1271;Category 2
301272;Description 1272;Category 2
301273;Description 1273;Category 2
301274;Description 1274;Category 15
301275;Description 1275;Category 34
301276;Description 1276;Category 46
301277;Description 1277;Category 62
301278;Description 1278;Category 15
301279;Description 1279;Category 2
301280;Description 1280;Category 48
301281;Description 1281;Category 35
301282;Description 1282;Category 89
301283;Description 1283;Category 28
301284;Description 1284;Category 93
301285;Description 1285;Category 135
301286;Description 1286;Category 15
301287;Description 1287;Category 35
301288;Description 1288;Category 31
301289;Description 1289;Category 8
301290;Description 1290;Category 29
301291;Description 1291;Category 79
301292;Description 1292;Category 94
301293;Description 1293;Category 113
301294;Description 1294;Category 33
301295;Description 1295;Category 15
301296;Description 1296;Category 52
301297;Description 1297;Category 24
301298;Description 1298;Category 15
301299;Description 1299;Category 22
301300;Description 1300;Category 5
301301;Description 1301;Category 24
301302;Description 1302;Category 39
301303;Description 1303;Category 3
301304;Description 1304;Category 4
301305;Description 1305;Category 3
301306;Description 1306;Category 58
301307;Description 1307;Category 114
301308;Description 1308;Category 57
301309;Description 1309;Category 61
301310;Description 1310;Category 109
301311;Description 1311;Category 109
301312;Description 1312;Category 109
301313;Description 1313;Category 68
301314;Description 1314;Category 56
301315;Description 1315;Category 57
301316;Description 1316;Category 169
301317;Description 1317;Category 53
301318;Description 1318;Category 42
301319;Description 1319;Category 45
301320;Description 1320;Category 46
301321;Description 1321;Category 40
301322;Description 1322;Category 15
301323;Description 1323;Category 46
301324;Description 1324;Category 46
301325;Description 1325;Category 15
301326;Description 1326;Category 15
301327;Description 1327;Category 15
301328;Description 1328;Category 98
301329;Description 1329;Category 1
301330;Description 1330;Category 15
301331;Description 1331;Category 189
301332;Description 1332;Category 3
301333;Description 1333;Category 10
301334;Description 1334;Category 3
301335;Description 1335;Category 15
301336;Description 1336;Category 119
301337;Description 1337;Category 15
301338;Description 1338;Category 24
301339;Description 1339;Category 77
301340;Description 1340;Category 56
301341;Description 1341;Category 10
301342;Description 1342;Category 99
301343;Description 1343;Category 53
301344;Description 1344;Category 190
301345;Description 1345;Category 51
301346;Description 1346;Category 17
301347;Description 1347;Category 17
301348;Description 1348;Category 132
301349;Description 1349;Category 191
301350;Description 1350;Category 192
301351;Description 1351;Category 89
301352;Description 1352;Category 193
301353;Description 1353;Category 15
301354;Description 1354;Category 101
301355;Description 1355;Category 15
301356;Description 1356;Category 146
301357;Description 1357;Category 35
301358;Description 1358;Category 89
301359;Description 1359;Category 101
301360;Description 1360;Category 47
301361;Description 1361;Category 125
301362;Description 1362;Category 56
301363;Description 1363;Category 57
301364;Description 1364;Category 8
301365;Description 1365;Category 194
301366;Description 1366;Category 13
301367;Description 1367;Category 61
301368;Description 1368;Category 13
301369;Description 1369;Category 30
301370;Description 1370;Category 77
301371;Description 1371;Category 195
301372;Description 1372;Category 8
301373;Description 1373;Category 191
301374;Description 1374;Category 36
301375;Description 1375;Category 149
301376;Description 1376;Category 196
301377;Description 1377;Category 3
301378;Description 1378;Category 66
301379;Description 1379;Category 16
301380;Description 1380;Category 24
301381;Description 1381;Category 15
301382;Description 1382;Category 30
301383;Description 1383;Category 13
301384;Description 1384;Category 197
301385;Description 1385;Category 65
301386;Description 1386;Category 182
301387;Description 1387;Category 61
301388;Description 1388;Category 146
301389;Description 1389;Category 27
301390;Description 1390;Category 20
301391;Description 1391;Category 71
301392;Description 1392;Category 166
301393;Description 1393;Category 193
301394;Description 1394;Category 38
301395;Description 1395;Category 116
301396;Description 1396;Category 2
301397;Description 1397;Category 119
301398;Description 1398;Category 30
301399;Description 1399;Category 172
301400;Description 1400;Category 27
301401;Description 1401;Category 30
301402;Description 1402;Category 30
301403;Description 1403;Category 113
301404;Description 1404;Category 61
301405;Description 1405;Category 98
301406;Description 1406;Category 2
301407;Description 1407;Category 16
301408;Description 1408;Category 33
301409;Description 1409;Category 146
301410;Description 1410;Category 179
301411;Description 1411;Category 74
301412;Description 1412;Category 34
301413;Description 1413;Category 77
301414;Description 1414;Category 61
301415;Description 1415;Category 15
301416;Description 1416;Category 29
301417;Description 1417;Category 42
301418;Description 1418;Category 45
301419;Description 1419;Category 198
301420;Description 1420;Category 77
301421;Description 1421;Category 46
301422;Description 1422;Category 126
301423;Description 1423;Category 118
301424;Description 1424;Category 24
301425;Description 1425;Category 22
301426;Description 1426;Category 150
301427;Description 1427;Category 49
301428;Description 1428;Category 31
301429;Description 1429;Category 157
301430;Description 1430;Category 157
301431;Description 1431;Category 157
301432;Description 1432;Category 125
301433;Description 1433;Category 46
301434;Description 1434;Category 125
301435;Description 1435;Category 30
301436;Description 1436;Category 123
301437;Description 1437;Category 199
301438;Description 1438;Category 45
301439;Description 1439;Category 184
301440;Description 1440;Category 77
301441;Description 1441;Category 77
301442;Description 1442;Category 15
301443;Description 1443;Category 34
301444;Description 1444;Category 135
301445;Description 1445;Category 56
301446;Description 1446;Category 57
301447;Description 1447;Category 11
301448;Description 1448;Category 65
301449;Description 1449;Category 52
301450;Description 1450;Category 3
301451;Description 1451;Category 2
301452;Description 1452;Category 2
301453;Description 1453;Category 162
301454;Description 1454;Category 65
301455;Description 1455;Category 49
301456;Description 1456;Category 113
301457;Description 1457;Category 11
301458;Description 1458;Category 68
301459;Description 1459;Category 42
301460;Description 1460;Category 46
301461;Description 1461;Category 38
301462;Description 1462;Category 66
301463;Description 1463;Category 177
301464;Description 1464;Category 177
301465;Description 1465;Category 177
301466;Description 1466;Category 39
301467;Description 1467;Category 4
301468;Description 1468;Category 105
301469;Description 1469;Category 47
301470;Description 1470;Category 190
301471;Description 1471;Category 46
301472;Description 1472;Category 70
301473;Description 1473;Category 15
301474;Description 1474;Category 77
301475;Description 1475;Category 16
301476;Description 1476;Category 27
301477;Description 1477;Category 59
301478;Description 1478;Category 143
301479;Description 1479;Category 142
301480;Description 1480;Category 143
301481;Description 1481;Category 186
301482;Description 1482;Category 186
301483;Description 1483;Category 142
301484;Description 1484;Category 154
301485;Description 1485;Category 142
301486;Description 1486;Category 154
301487;Description 1487;Category 186
301488;Description 1488;Category 186
301489;Description 1489;Category 143
301490;Description 1490;Category 154
301491;Description 1491;Category 143
301492;Description 1492;Category 142
301493;Description 1493;Category 106
301494;Description 1494;Category 191
301495;Description 1495;Category 54
301496;Description 1496;Category 65
301497;Description 1497;Category 15
301498;Description 1498;Category 135
301499;Description 1499;Category 31
301500;Description 1500;Category 74
301501;Description 1501;Category 33
301502;Description 1502;Category 135
301503;Description 1503;Category 135
301504;Description 1504;Category 146
301505;Description 1505;Category 13
301506;Description 1506;Category 38
301507;Description 1507;Category 200
301508;Description 1508;Category 36
301509;Description 1509;Category 13
301510;Description 1510;Category 13
301511;Description 1511;Category 135
301512;Description 1512;Category 15
301513;Description 1513;Category 3
301514;Description 1514;Category 11
301515;Description 1515;Category 149
301516;Description 1516;Category 184
301517;Description 1517;Category 3
301518;Description 1518;Category 152
301519;Description 1519;Category 13
301520;Description 1520;Category 113
301521;Description 1521;Category 113
301522;Description 1522;Category 24
301523;Description 1523;Category 173
301524;Description 1524;Category 97
301525;Description 1525;Category 98
301526;Description 1526;Category 33
301527;Description 1527;Category 120
301528;Description 1528;Category 27
301529;Description 1529;Category 201
301530;Description 1530;Category 137
301531;Description 1531;Category 137
301532;Description 1532;Category 88
301533;Description 1533;Category 68
301534;Description 1534;Category 107
301535;Description 1535;Category 24
301536;Description 1536;Category 99
301537;Description 1537;Category 106
301538;Description 1538;Category 48
301539;Description 1539;Category 14
301540;Description 1540;Category 40
301541;Description 1541;Category 44
301542;Description 1542;Category 98
301543;Description 1543;Category 202
301544;Description 1544;Category 33
301545;Description 1545;Category 101
301546;Description 1546;Category 101
301547;Description 1547;Category 48
301548;Description 1548;Category 94
301549;Description 1549;Category 151
301550;Description 1550;Category 17
301551;Description 1551;Category 47
301552;Description 1552;Category 13
301553;Description 1553;Category 172
301554;Description 1554;Category 172
301555;Description 1555;Category 87
301556;Description 1556;Category 87
301557;Description 1557;Category 47
301558;Description 1558;Category 58
301559;Description 1559;Category 29
301560;Description 1560;Category 8
301561;Description 1561;Category 5
301562;Description 1562;Category 8
301563;Description 1563;Category 149
301564;Description 1564;Category 11
301565;Description 1565;Category 2
301566;Description 1566;Category 44
301567;Description 1567;Category 77
301568;Description 1568;Category 190
301569;Description 1569;Category 77
301570;Description 1570;Category 45
301571;Description 1571;Category 2
301572;Description 1572;Category 146
301573;Description 1573;Category 151
301574;Description 1574;Category 90
301575;Description 1575;Category 15
301576;Description 1576;Category 190
301577;Description 1577;Category 118
301578;Description 1578;Category 127
301579;Description 1579;Category 112
301580;Description 1580;Category 146
301581;Description 1581;Category 27
301582;Description 1582;Category 203
301583;Description 1583;Category 57
301584;Description 1584;Category 56
301585;Description 1585;Category 47
301586;Description 1586;Category 2
301587;Description 1587;Category 53
301588;Description 1588;Category 119
301589;Description 1589;Category 113
301590;Description 1590;Category 204
301591;Description 1591;Category 112
301592;Description 1592;Category 160
301593;Description 1593;Category 110
301594;Description 1594;Category 13
301595;Description 1595;Category 113
301596;Description 1596;Category 113
301597;Description 1597;Category 13
301598;Description 1598;Category 13
301599;Description 1599;Category 39
301600;Description 1600;Category 13
301601;Description 1601;Category 44
301602;Description 1602;Category 77
301603;Description 1603;Category 125
301604;Description 1604;Category 146
301605;Description 1605;Category 101
301606;Description 1606;Category 57
301607;Description 1607;Category 57
301608;Description 1608;Category 205
301609;Description 1609;Category 57
301610;Description 1610;Category 206
301611;Description 1611;Category 59
301612;Description 1612;Category 56
301613;Description 1613;Category 27
301614;Description 1614;Category 27
301615;Description 1615;Category 190
301616;Description 1616;Category 13
301617;Description 1617;Category 22
301618;Description 1618;Category 15
301619;Description 1619;Category 47
301620;Description 1620;Category 121
301621;Description 1621;Category 8
301622;Description 1622;Category 58
301623;Description 1623;Category 149
301624;Description 1624;Category 77
301625;Description 1625;Category 15
301626;Description 1626;Category 123
301627;Description 1627;Category 137
301628;Description 1628;Category 52
301629;Description 1629;Category 15
301630;Description 1630;Category 57
301631;Description 1631;Category 166
301632;Description 1632;Category 57
301633;Description 1633;Category 39
301634;Description 1634;Category 123
301635;Description 1635;Category 57
301636;Description 1636;Category 56
301637;Description 1637;Category 57
301638;Description 1638;Category 13
301639;Description 1639;Category 106
301640;Description 1640;Category 71
301641;Description 1641;Category 5
301642;Description 1642;Category 56
301643;Description 1643;Category 3
301644;Description 1644;Category 4
301645;Description 1645;Category 27
301646;Description 1646;Category 156
301647;Description 1647;Category 15
301648;Description 1648;Category 142
301649;Description 1649;Category 186
301650;Description 1650;Category 94
301651;Description 1651;Category 38
301652;Description 1652;Category 27
301653;Description 1653;Category 134
301654;Description 1654;Category 207
301655;Description 1655;Category 207
301656;Description 1656;Category 154
301657;Description 1657;Category 142
301658;Description 1658;Category 153
301659;Description 1659;Category 135
301660;Description 1660;Category 151
301661;Description 1661;Category 208
301662;Description 1662;Category 127
301663;Description 1663;Category 127
301664;Description 1664;Category 57
301665;Description 1665;Category 153
301666;Description 1666;Category 15
301667;Description 1667;Category 132
301668;Description 1668;Category 132
301669;Description 1669;Category 132
301670;Description 1670;Category 132
301671;Description 1671;Category 132
301672;Description 1672;Category 132
301673;Description 1673;Category 22
301674;Description 1674;Category 57
301675;Description 1675;Category 56
301676;Description 1676;Category 56
301677;Description 1677;Category 56
301678;Description 1678;Category 112
301679;Description 1679;Category 11
301680;Description 1680;Category 11
301681;Description 1681;Category 11
301682;Description 1682;Category 135
301683;Description 1683;Category 154
301684;Description 1684;Category 132
301685;Description 1685;Category 2
301686;Description 1686;Category 74
301687;Description 1687;Category 74
301688;Description 1688;Category 135
301689;Description 1689;Category 135
301690;Description 1690;Category 135
301691;Description 1691;Category 135
301692;Description 1692;Category 135
301693;Description 1693;Category 153
301694;Description 1694;Category 4
301695;Description 1695;Category 110
301696;Description 1696;Category 41
301697;Description 1697;Category 13
301698;Description 1698;Category 146
301699;Description 1699;Category 91
301700;Description 1700;Category 27
301701;Description 1701;Category 27
301702;Description 1702;Category 177
301703;Description 1703;Category 106
301704;Description 1704;Category 51
301705;Description 1705;Category 5
301706;Description 1706;Category 28
301707;Description 1707;Category 143
301708;Description 1708;Category 142
301709;Description 1709;Category 153
301710;Description 1710;Category 153
301711;Description 1711;Category 142
301712;Description 1712;Category 154
301713;Description 1713;Category 154
301714;Description 1714;Category 154
301715;Description 1715;Category 154
301716;Description 1716;Category 154
301717;Description 1717;Category 142
301718;Description 1718;Category 186
301719;Description 1719;Category 142
301720;Description 1720;Category 11
301721;Description 1721;Category 67
301722;Description 1722;Category 113
301723;Description 1723;Category 94
301724;Description 1724;Category 24
301725;Description 1725;Category 117
301726;Description 1726;Category 13
301727;Description 1727;Category 13
301728;Description 1728;Category 56
301729;Description 1729;Category 145
301730;Description 1730;Category 61
301731;Description 1731;Category 22
301732;Description 1732;Category 77
301733;Description 1733;Category 138
301734;Description 1734;Category 33
301735;Description 1735;Category 149
301736;Description 1736;Category 57
301737;Description 1737;Category 56
301738;Description 1738;Category 209
301739;Description 1739;Category 11
301740;Description 1740;Category 47
301741;Description 1741;Category 125
301742;Description 1742;Category 27
301743;Description 1743;Category 10
301744;Description 1744;Category 32
301745;Description 1745;Category 164
301746;Description 1746;Category 52
301747;Description 1747;Category 27
301748;Description 1748;Category 15
301749;Description 1749;Category 13
301750;Description 1750;Category 35
301751;Description 1751;Category 29
301752;Description 1752;Category 193
301753;Description 1753;Category 142
301754;Description 1754;Category 154
301755;Description 1755;Category 186
301756;Description 1756;Category 56
301757;Description 1757;Category 20
301758;Description 1758;Category 6
301759;Description 1759;Category 125
301760;Description 1760;Category 27
301761;Description 1761;Category 27
301762;Description 1762;Category 210
301763;Description 1763;Category 50
301764;Description 1764;Category 99
301765;Description 1765;Category 48
301766;Description 1766;Category 138
301767;Description 1767;Category 211
301768;Description 1768;Category 166
301769;Description 1769;Category 136
301770;Description 1770;Category 136
301771;Description 1771;Category 57
301772;Description 1772;Category 15
301773;Description 1773;Category 141
301774;Description 1774;Category 155
301775;Description 1775;Category 153
301776;Description 1776;Category 212
301777;Description 1777;Category 84
301778;Description 1778;Category 129
301779;Description 1779;Category 52
301780;Description 1780;Category 36
301781;Description 1781;Category 62
301782;Description 1782;Category 63
301783;Description 1783;Category 15
301784;Description 1784;Category 53
301785;Description 1785;Category 153
301786;Description 1786;Category 170
301787;Description 1787;Category 52
301788;Description 1788;Category 5
301789;Description 1789;Category 148
301790;Description 1790;Category 83
301791;Description 1791;Category 15
301792;Description 1792;Category 2
301793;Description 1793;Category 47
301794;Description 1794;Category 47
301795;Description 1795;Category 47
301796;Description 1796;Category 125
301797;Description 1797;Category 86
301798;Description 1798;Category 146
301799;Description 1799;Category 146
301800;Description 1800;Category 146
301801;Description 1801;Category 7
301802;Description 1802;Category 28
301803;Description 1803;Category 154
301804;Description 1804;Category 142
301805;Description 1805;Category 154
301806;Description 1806;Category 186
301807;Description 1807;Category 49
301808;Description 1808;Category 142
301809;Description 1809;Category 186
301810;Description 1810;Category 57
301811;Description 1811;Category 61
301812;Description 1812;Category 3
301813;Description 1813;Category 27
301814;Description 1814;Category 11
301815;Description 1815;Category 16
301816;Description 1816;Category 186
301817;Description 1817;Category 103
301818;Description 1818;Category 177
301819;Description 1819;Category 69
301820;Description 1820;Category 153
301821;Description 1821;Category 154
301822;Description 1822;Category 186
301823;Description 1823;Category 186
301824;Description 1824;Category 143
301825;Description 1825;Category 186
301826;Description 1826;Category 186
301827;Description 1827;Category 153
301828;Description 1828;Category 142
301829;Description 1829;Category 142
301830;Description 1830;Category 142
301831;Description 1831;Category 154
301832;Description 1832;Category 143
301833;Description 1833;Category 13
301834;Description 1834;Category 110
301835;Description 1835;Category 61
301836;Description 1836;Category 124
301837;Description 1837;Category 56
301838;Description 1838;Category 156
301839;Description 1839;Category 156
301840;Description 1840;Category 112
301841;Description 1841;Category 13
301842;Description 1842;Category 13
301843;Description 1843;Category 3
301844;Description 1844;Category 5
301845;Description 1845;Category 15
301846;Description 1846;Category 137
301847;Description 1847;Category 107
301848;Description 1848;Category 213
301849;Description 1849;Category 56
301850;Description 1850;Category 57
301851;Description 1851;Category 33
301852;Description 1852;Category 17
301853;Description 1853;Category 172
301854;Description 1854;Category 33
301855;Description 1855;Category 13
301856;Description 1856;Category 142
301857;Description 1857;Category 63
301858;Description 1858;Category 190
301859;Description 1859;Category 68
301860;Description 1860;Category 68
301861;Description 1861;Category 13
301862;Description 1862;Category 85
301863;Description 1863;Category 74
301864;Description 1864;Category 32
301865;Description 1865;Category 49
301866;Description 1866;Category 2
301867;Description 1867;Category 80
301868;Description 1868;Category 7
301869;Description 1869;Category 45
301870;Description 1870;Category 13
301871;Description 1871;Category 156
301872;Description 1872;Category 127
301873;Description 1873;Category 172
301874;Description 1874;Category 113
301875;Description 1875;Category 47
301876;Description 1876;Category 27
301877;Description 1877;Category 57
301878;Description 1878;Category 137
301879;Description 1879;Category 56
301880;Description 1880;Category 97
301881;Description 1881;Category 15
301882;Description 1882;Category 89
301883;Description 1883;Category 151
301884;Description 1884;Category 105
301885;Description 1885;Category 57
301886;Description 1886;Category 68
301887;Description 1887;Category 192
301888;Description 1888;Category 23
301889;Description 1889;Category 40
301890;Description 1890;Category 87
301891;Description 1891;Category 15
301892;Description 1892;Category 104
301893;Description 1893;Category 204
301894;Description 1894;Category 214
301895;Description 1895;Category 104
301896;Description 1896;Category 165
301897;Description 1897;Category 102
301898;Description 1898;Category 164
301899;Description 1899;Category 81
301900;Description 1900;Category 3
301901;Description 1901;Category 3
301902;Description 1902;Category 18
301903;Description 1903;Category 2
301904;Description 1904;Category 57
301905;Description 1905;Category 13
301906;Description 1906;Category 33
301907;Description 1907;Category 79
301908;Description 1908;Category 126
301909;Description 1909;Category 13
301910;Description 1910;Category 135
301911;Description 1911;Category 44
301912;Description 1912;Category 145
301913;Description 1913;Category 131
301914;Description 1914;Category 57
301915;Description 1915;Category 113
301916;Description 1916;Category 56
301917;Description 1917;Category 7
301918;Description 1918;Category 142
301919;Description 1919;Category 186
301920;Description 1920;Category 42
301921;Description 1921;Category 142
301922;Description 1922;Category 186
301923;Description 1923;Category 17
301924;Description 1924;Category 137
301925;Description 1925;Category 197
301926;Description 1926;Category 35
301927;Description 1927;Category 5
301928;Description 1928;Category 27
301929;Description 1929;Category 4
301930;Description 1930;Category 27
301931;Description 1931;Category 13
301932;Description 1932;Category 13
301933;Description 1933;Category 143
301934;Description 1934;Category 186
301935;Description 1935;Category 142
301936;Description 1936;Category 143
301937;Description 1937;Category 142
301938;Description 1938;Category 142
301939;Description 1939;Category 3
301940;Description 1940;Category 45
301941;Description 1941;Category 215
301942;Description 1942;Category 56
301943;Description 1943;Category 38
301944;Description 1944;Category 24
301945;Description 1945;Category 137
301946;Description 1946;Category 71
301947;Description 1947;Category 87
301948;Description 1948;Category 77
301949;Description 1949;Category 165
301950;Description 1950;Category 25
301951;Description 1951;Category 57
301952;Description 1952;Category 57
301953;Description 1953;Category 13
301954;Description 1954;Category 153
301955;Description 1955;Category 201
301956;Description 1956;Category 201
301957;Description 1957;Category 11
301958;Description 1958;Category 57
301959;Description 1959;Category 35
301960;Description 1960;Category 38
301961;Description 1961;Category 77
301962;Description 1962;Category 56
301963;Description 1963;Category 1
301964;Description 1964;Category 101
301965;Description 1965;Category 48
301966;Description 1966;Category 15
301967;Description 1967;Category 13
301968;Description 1968;Category 164
301969;Description 1969;Category 216
301970;Description 1970;Category 135
301971;Description 1971;Category 24
301972;Description 1972;Category 11
301973;Description 1973;Category 186
301974;Description 1974;Category 33
301975;Description 1975;Category 46
301976;Description 1976;Category 124
301977;Description 1977;Category 135
301978;Description 1978;Category 56
301979;Description 1979;Category 57
301980;Description 1980;Category 42
301981;Description 1981;Category 113
301982;Description 1982;Category 113
301983;Description 1983;Category 11
301984;Description 1984;Category 142
301985;Description 1985;Category 99
301986;Description 1986;Category 57
301987;Description 1987;Category 3
301988;Description 1988;Category 47
301989;Description 1989;Category 47
301990;Description 1990;Category 47
301991;Description 1991;Category 143
301992;Description 1992;Category 143
301993;Description 1993;Category 186
301994;Description 1994;Category 186
301995;Description 1995;Category 142
301996;Description 1996;Category 186
301997;Description 1997;Category 142
301998;Description 1998;Category 154
301999;Description 1999;Category 142
302000;Description 2000;Category 25
302001;Description 2001;Category 3
302002;Description 2002;Category 217
302003;Description 2003;Category 30
302004;Description 2004;Category 159
302005;Description 2005;Category 4
302006;Description 2006;Category 39
302007;Description 2007;Category 24
302008;Description 2008;Category 203
302009;Description 2009;Category 217
302010;Description 2010;Category 56
302011;Description 2011;Category 56
302012;Description 2012;Category 57
302013;Description 2013;Category 218
302014;Description 2014;Category 41
302015;Description 2015;Category 24
302016;Description 2016;Category 24
302017;Description 2017;Category 149
302018;Description 2018;Category 94
302019;Description 2019;Category 102
302020;Description 2020;Category 11
302021;Description 2021;Category 80
302022;Description 2022;Category 15
302023;Description 2023;Category 8
302024;Description 2024;Category 40
302025;Description 2025;Category 219
302026;Description 2026;Category 99
302027;Description 2027;Category 47
302028;Description 2028;Category 179
302029;Description 2029;Category 15
302030;Description 2030;Category 2
302031;Description 2031;Category 172
302032;Description 2032;Category 166
302033;Description 2033;Category 142
302034;Description 2034;Category 24
302035;Description 2035;Category 135
302036;Description 2036;Category 146
302037;Description 2037;Category 146
302038;Description 2038;Category 74
302039;Description 2039;Category 106
302040;Description 2040;Category 40
302041;Description 2041;Category 8
302042;Description 2042;Category 29
302043;Description 2043;Category 101
302044;Description 2044;Category 101
302045;Description 2045;Category 101
302046;Description 2046;Category 101
302047;Description 2047;Category 101
302048;Description 2048;Category 101
302049;Description 2049;Category 186
302050;Description 2050;Category 56
302051;Description 2051;Category 113
302052;Description 2052;Category 56
302053;Description 2053;Category 57
302054;Description 2054;Category 2
302055;Description 2055;Category 146
302056;Description 2056;Category 146
302057;Description 2057;Category 146
302058;Description 2058;Category 99
302059;Description 2059;Category 3
302060;Description 2060;Category 56
302061;Description 2061;Category 113
302062;Description 2062;Category 127
302063;Description 2063;Category 93
302064;Description 2064;Category 15
302065;Description 2065;Category 146
302066;Description 2066;Category 146
302067;Description 2067;Category 146
302068;Description 2068;Category 198
302069;Description 2069;Category 16
302070;Description 2070;Category 13
302071;Description 2071;Category 11
302072;Description 2072;Category 11
302073;Description 2073;Category 11
302074;Description 2074;Category 146
302075;Description 2075;Category 47
302076;Description 2076;Category 13
302077;Description 2077;Category 8
302078;Description 2078;Category 11
302079;Description 2079;Category 15
302080;Description 2080;Category 5
302081;Description 2081;Category 146
302082;Description 2082;Category 13
302083;Description 2083;Category 57
302084;Description 2084;Category 113
302085;Description 2085;Category 8
302086;Description 2086;Category 123
302087;Description 2087;Category 57
302088;Description 2088;Category 30
302089;Description 2089;Category 149
302090;Description 2090;Category 27
302091;Description 2091;Category 145
302092;Description 2092;Category 102
302093;Description 2093;Category 56
302094;Description 2094;Category 123
302095;Description 2095;Category 119
302096;Description 2096;Category 56
302097;Description 2097;Category 13
302098;Description 2098;Category 98
302099;Description 2099;Category 47
302100;Description 2100;Category 47
302101;Description 2101;Category 45
302102;Description 2102;Category 77
302103;Description 2103;Category 113
302104;Description 2104;Category 17
302105;Description 2105;Category 217
302106;Description 2106;Category 43
302107;Description 2107;Category 153
302108;Description 2108;Category 142
302109;Description 2109;Category 53
302110;Description 2110;Category 65
302111;Description 2111;Category 3
302112;Description 2112;Category 11
302113;Description 2113;Category 57
302114;Description 2114;Category 11
302115;Description 2115;Category 54
302116;Description 2116;Category 85
302117;Description 2117;Category 143
302118;Description 2118;Category 143
302119;Description 2119;Category 142
302120;Description 2120;Category 186
302121;Description 2121;Category 154
302122;Description 2122;Category 28
302123;Description 2123;Category 56
302124;Description 2124;Category 47
302125;Description 2125;Category 47
302126;Description 2126;Category 42
302127;Description 2127;Category 186
302128;Description 2128;Category 2
302129;Description 2129;Category 30
302130;Description 2130;Category 135
302131;Description 2131;Category 75
302132;Description 2132;Category 113
302133;Description 2133;Category 135
302134;Description 2134;Category 62
302135;Description 2135;Category 29
302136;Description 2136;Category 181
302137;Description 2137;Category 206
302138;Description 2138;Category 135
302139;Description 2139;Category 101
302140;Description 2140;Category 68
302141;Description 2141;Category 185
302142;Description 2142;Category 125
302143;Description 2143;Category 185
302144;Description 2144;Category 15
302145;Description 2145;Category 40
302146;Description 2146;Category 40
302147;Description 2147;Category 13
302148;Description 2148;Category 20
302149;Description 2149;Category 13
302150;Description 2150;Category 3
302151;Description 2151;Category 3
302152;Description 2152;Category 215
302153;Description 2153;Category 197
302154;Description 2154;Category 11
302155;Description 2155;Category 217
302156;Description 2156;Category 135
302157;Description 2157;Category 217
302158;Description 2158;Category 125
302159;Description 2159;Category 135
302160;Description 2160;Category 15
302161;Description 2161;Category 79
302162;Description 2162;Category 38
302163;Description 2163;Category 154
302164;Description 2164;Category 186
302165;Description 2165;Category 74
302166;Description 2166;Category 90
302167;Description 2167;Category 11
302168;Description 2168;Category 142
302169;Description 2169;Category 142
302170;Description 2170;Category 153
302171;Description 2171;Category 172
302172;Description 2172;Category 153
302173;Description 2173;Category 8
302174;Description 2174;Category 155
302175;Description 2175;Category 53
302176;Description 2176;Category 156
302177;Description 2177;Category 143
302178;Description 2178;Category 143
302179;Description 2179;Category 143
302180;Description 2180;Category 142
302181;Description 2181;Category 143
302182;Description 2182;Category 142
302183;Description 2183;Category 186
302184;Description 2184;Category 154
302185;Description 2185;Category 142
302186;Description 2186;Category 142
302187;Description 2187;Category 186
302188;Description 2188;Category 154
302189;Description 2189;Category 172
302190;Description 2190;Category 105
302191;Description 2191;Category 56
302192;Description 2192;Category 212
302193;Description 2193;Category 47
302194;Description 2194;Category 44
302195;Description 2195;Category 15
302196;Description 2196;Category 159
302197;Description 2197;Category 94
302198;Description 2198;Category 156
302199;Description 2199;Category 57
302200;Description 2200;Category 15
302201;Description 2201;Category 178
302202;Description 2202;Category 1
302203;Description 2203;Category 15
302204;Description 2204;Category 220
302205;Description 2205;Category 39
302206;Description 2206;Category 39
302207;Description 2207;Category 81
302208;Description 2208;Category 42
302209;Description 2209;Category 145
302210;Description 2210;Category 34
302211;Description 2211;Category 34
302212;Description 2212;Category 15
302213;Description 2213;Category 34
302214;Description 2214;Category 104
302215;Description 2215;Category 15
302216;Description 2216;Category 166
302217;Description 2217;Category 213
302218;Description 2218;Category 120
302219;Description 2219;Category 3
302220;Description 2220;Category 3
302221;Description 2221;Category 30
302222;Description 2222;Category 94
302223;Description 2223;Category 190
302224;Description 2224;Category 13
302225;Description 2225;Category 135
302226;Description 2226;Category 186
302227;Description 2227;Category 142
302228;Description 2228;Category 194
302229;Description 2229;Category 164
302230;Description 2230;Category 17
302231;Description 2231;Category 24
302232;Description 2232;Category 24
302233;Description 2233;Category 29
302234;Description 2234;Category 17
302235;Description 2235;Category 3
302236;Description 2236;Category 33
302237;Description 2237;Category 11
302238;Description 2238;Category 217
302239;Description 2239;Category 186
302240;Description 2240;Category 185
302241;Description 2241;Category 69
302242;Description 2242;Category 122
302243;Description 2243;Category 33
302244;Description 2244;Category 221
302245;Description 2245;Category 69
302246;Description 2246;Category 45
302247;Description 2247;Category 28
302248;Description 2248;Category 17
302249;Description 2249;Category 13
302250;Description 2250;Category 11
302251;Description 2251;Category 56
302252;Description 2252;Category 190
302253;Description 2253;Category 33
302254;Description 2254;Category 1
302255;Description 2255;Category 47
302256;Description 2256;Category 137
302257;Description 2257;Category 113
302258;Description 2258;Category 15
302259;Description 2259;Category 57
302260;Description 2260;Category 104
302261;Description 2261;Category 16
302262;Description 2262;Category 170
302263;Description 2263;Category 222
302264;Description 2264;Category 57
302265;Description 2265;Category 135
302266;Description 2266;Category 212
302267;Description 2267;Category 56
302268;Description 2268;Category 56
302269;Description 2269;Category 56
302270;Description 2270;Category 165
302271;Description 2271;Category 39
302272;Description 2272;Category 57
302273;Description 2273;Category 130
302274;Description 2274;Category 161
302275;Description 2275;Category 56
302276;Description 2276;Category 63
302277;Description 2277;Category 103
302278;Description 2278;Category 13
302279;Description 2279;Category 62
302280;Description 2280;Category 204
302281;Description 2281;Category 27
302282;Description 2282;Category 65
302283;Description 2283;Category 34
302284;Description 2284;Category 34
302285;Description 2285;Category 27
302286;Description 2286;Category 110
302287;Description 2287;Category 51
302288;Description 2288;Category 40
302289;Description 2289;Category 40
302290;Description 2290;Category 40
302291;Description 2291;Category 223
302292;Description 2292;Category 35
302293;Description 2293;Category 142
302294;Description 2294;Category 11
302295;Description 2295;Category 87
302296;Description 2296;Category 15
302297;Description 2297;Category 104
302298;Description 2298;Category 163
302299;Description 2299;Category 142
302300;Description 2300;Category 186
302301;Description 2301;Category 224
302302;Description 2302;Category 87
302303;Description 2303;Category 119
302304;Description 2304;Category 87
302305;Description 2305;Category 91
302306;Description 2306;Category 2
302307;Description 2307;Category 98
302308;Description 2308;Category 198
302309;Description 2309;Category 51
302310;Description 2310;Category 97
302311;Description 2311;Category 13
302312;Description 2312;Category 154
302313;Description 2313;Category 13
302314;Description 2314;Category 69
302315;Description 2315;Category 13
302316;Description 2316;Category 2
302317;Description 2317;Category 38
302318;Description 2318;Category 59
302319;Description 2319;Category 47
302320;Description 2320;Category 11
302321;Description 2321;Category 30
302322;Description 2322;Category 13
302323;Description 2323;Category 2
302324;Description 2324;Category 3
302325;Description 2325;Category 77
302326;Description 2326;Category 52
302327;Description 2327;Category 198
302328;Description 2328;Category 173
302329;Description 2329;Category 113
302330;Description 2330;Category 213
302331;Description 2331;Category 98
302332;Description 2332;Category 188
302333;Description 2333;Category 119
302334;Description 2334;Category 188
302335;Description 2335;Category 225
302336;Description 2336;Category 125
302337;Description 2337;Category 17
302338;Description 2338;Category 186
302339;Description 2339;Category 142
302340;Description 2340;Category 55
302341;Description 2341;Category 186
302342;Description 2342;Category 226
302343;Description 2343;Category 142
302344;Description 2344;Category 186
302345;Description 2345;Category 154
302346;Description 2346;Category 186
302347;Description 2347;Category 154
302348;Description 2348;Category 142
302349;Description 2349;Category 52
302350;Description 2350;Category 97
302351;Description 2351;Category 57
302352;Description 2352;Category 56
302353;Description 2353;Category 30
302354;Description 2354;Category 142
302355;Description 2355;Category 153
302356;Description 2356;Category 87
302357;Description 2357;Category 29
302358;Description 2358;Category 62
302359;Description 2359;Category 15
302360;Description 2360;Category 19
302361;Description 2361;Category 66
302362;Description 2362;Category 13
302363;Description 2363;Category 4
302364;Description 2364;Category 13
302365;Description 2365;Category 186
302366;Description 2366;Category 24
302367;Description 2367;Category 57
302368;Description 2368;Category 153
302369;Description 2369;Category 142
302370;Description 2370;Category 142
302371;Description 2371;Category 185
302372;Description 2372;Category 204
302373;Description 2373;Category 45
302374;Description 2374;Category 3
302375;Description 2375;Category 27
302376;Description 2376;Category 27
302377;Description 2377;Category 164
302378;Description 2378;Category 22
302379;Description 2379;Category 11
302380;Description 2380;Category 27
302381;Description 2381;Category 3
302382;Description 2382;Category 45
302383;Description 2383;Category 13
302384;Description 2384;Category 17
302385;Description 2385;Category 56
302386;Description 2386;Category 17
302387;Description 2387;Category 106
302388;Description 2388;Category 40
302389;Description 2389;Category 56
302390;Description 2390;Category 57
302391;Description 2391;Category 15
302392;Description 2392;Category 56
302393;Description 2393;Category 97
302394;Description 2394;Category 226
302395;Description 2395;Category 110
302396;Description 2396;Category 46
302397;Description 2397;Category 74
302398;Description 2398;Category 13
302399;Description 2399;Category 68
302400;Description 2400;Category 106
302401;Description 2401;Category 85
302402;Description 2402;Category 112
302403;Description 2403;Category 112
302404;Description 2404;Category 116
302405;Description 2405;Category 216
302406;Description 2406;Category 31
302407;Description 2407;Category 194
302408;Description 2408;Category 16
302409;Description 2409;Category 61
302410;Description 2410;Category 142
302411;Description 2411;Category 154
302412;Description 2412;Category 87
302413;Description 2413;Category 30
302414;Description 2414;Category 186
302415;Description 2415;Category 153
302416;Description 2416;Category 15
302417;Description 2417;Category 27
302418;Description 2418;Category 13
302419;Description 2419;Category 28
302420;Description 2420;Category 52
302421;Description 2421;Category 98
302422;Description 2422;Category 4
302423;Description 2423;Category 47
302424;Description 2424;Category 98
302425;Description 2425;Category 56
302426;Description 2426;Category 57
302427;Description 2427;Category 15
302428;Description 2428;Category 142
302429;Description 2429;Category 186
302430;Description 2430;Category 40
302431;Description 2431;Category 15
302432;Description 2432;Category 50
302433;Description 2433;Category 27
302434;Description 2434;Category 130
302435;Description 2435;Category 8
302436;Description 2436;Category 14
302437;Description 2437;Category 198
302438;Description 2438;Category 97
302439;Description 2439;Category 7
302440;Description 2440;Category 2
302441;Description 2441;Category 168
302442;Description 2442;Category 104
302443;Description 2443;Category 90
302444;Description 2444;Category 146
302445;Description 2445;Category 227
302446;Description 2446;Category 101
302447;Description 2447;Category 56
302448;Description 2448;Category 27
302449;Description 2449;Category 21
302450;Description 2450;Category 135
302451;Description 2451;Category 138
302452;Description 2452;Category 56
302453;Description 2453;Category 56
302454;Description 2454;Category 57
302455;Description 2455;Category 57
302456;Description 2456;Category 123
302457;Description 2457;Category 14
302458;Description 2458;Category 14
302459;Description 2459;Category 13
302460;Description 2460;Category 130
302461;Description 2461;Category 123
302462;Description 2462;Category 135
302463;Description 2463;Category 206
302464;Description 2464;Category 186
302465;Description 2465;Category 181
302466;Description 2466;Category 57
302467;Description 2467;Category 15
302468;Description 2468;Category 150
302469;Description 2469;Category 14
302470;Description 2470;Category 138
302471;Description 2471;Category 109
302472;Description 2472;Category 56
302473;Description 2473;Category 142
302474;Description 2474;Category 56
302475;Description 2475;Category 57
302476;Description 2476;Category 103
302477;Description 2477;Category 2
302478;Description 2478;Category 25
302479;Description 2479;Category 146
302480;Description 2480;Category 35
302481;Description 2481;Category 13
302482;Description 2482;Category 87
302483;Description 2483;Category 56
302484;Description 2484;Category 27
302485;Description 2485;Category 3
302486;Description 2486;Category 5
302487;Description 2487;Category 127
302488;Description 2488;Category 27
302489;Description 2489;Category 77
302490;Description 2490;Category 39
302491;Description 2491;Category 57
302492;Description 2492;Category 35
302493;Description 2493;Category 142
302494;Description 2494;Category 56
302495;Description 2495;Category 13
302496;Description 2496;Category 7
302497;Description 2497;Category 113
302498;Description 2498;Category 87
302499;Description 2499;Category 206
302500;Description 2500;Category 15
302501;Description 2501;Category 71
302502;Description 2502;Category 99
302503;Description 2503;Category 198
302504;Description 2504;Category 142
302505;Description 2505;Category 154
302506;Description 2506;Category 48
302507;Description 2507;Category 164
302508;Description 2508;Category 57
302509;Description 2509;Category 119
302510;Description 2510;Category 119
302511;Description 2511;Category 56
302512;Description 2512;Category 3
302513;Description 2513;Category 27
302514;Description 2514;Category 27
302515;Description 2515;Category 27
302516;Description 2516;Category 39
302517;Description 2517;Category 11
302518;Description 2518;Category 101
302519;Description 2519;Category 101
302520;Description 2520;Category 168
302521;Description 2521;Category 125
302522;Description 2522;Category 121
302523;Description 2523;Category 15
302524;Description 2524;Category 109
302525;Description 2525;Category 4
302526;Description 2526;Category 198
302527;Description 2527;Category 57
302528;Description 2528;Category 204
302529;Description 2529;Category 47
302530;Description 2530;Category 3
302531;Description 2531;Category 77
302532;Description 2532;Category 77
302533;Description 2533;Category 2
302534;Description 2534;Category 30
302535;Description 2535;Category 119
302536;Description 2536;Category 2
302537;Description 2537;Category 99
302538;Description 2538;Category 65
302539;Description 2539;Category 1
302540;Description 2540;Category 24
302541;Description 2541;Category 204
302542;Description 2542;Category 57
302543;Description 2543;Category 27
302544;Description 2544;Category 62
302545;Description 2545;Category 172
302546;Description 2546;Category 27
302547;Description 2547;Category 228
302548;Description 2548;Category 229
302549;Description 2549;Category 204
302550;Description 2550;Category 163
302551;Description 2551;Category 47
302552;Description 2552;Category 56
302553;Description 2553;Category 178
302554;Description 2554;Category 11
302555;Description 2555;Category 121
302556;Description 2556;Category 163
302557;Description 2557;Category 210
302558;Description 2558;Category 57
302559;Description 2559;Category 40
302560;Description 2560;Category 163
302561;Description 2561;Category 27
302562;Description 2562;Category 13
302563;Description 2563;Category 142
302564;Description 2564;Category 185
302565;Description 2565;Category 185
302566;Description 2566;Category 140
302567;Description 2567;Category 62
302568;Description 2568;Category 62
302569;Description 2569;Category 14
302570;Description 2570;Category 31
302571;Description 2571;Category 123
302572;Description 2572;Category 23
302573;Description 2573;Category 13
302574;Description 2574;Category 57
302575;Description 2575;Category 230
302576;Description 2576;Category 226
302577;Description 2577;Category 112
302578;Description 2578;Category 216
302579;Description 2579;Category 8
302580;Description 2580;Category 119
302581;Description 2581;Category 57
302582;Description 2582;Category 56
302583;Description 2583;Category 56
302584;Description 2584;Category 226
302585;Description 2585;Category 24
302586;Description 2586;Category 230
302587;Description 2587;Category 82
302588;Description 2588;Category 45
302589;Description 2589;Category 80
302590;Description 2590;Category 2
302591;Description 2591;Category 4
302592;Description 2592;Category 27
302593;Description 2593;Category 35
302594;Description 2594;Category 11
302595;Description 2595;Category 16
302596;Description 2596;Category 122
302597;Description 2597;Category 127
302598;Description 2598;Category 74
302599;Description 2599;Category 75
302600;Description 2600;Category 75
302601;Description 2601;Category 15
302602;Description 2602;Category 13
302603;Description 2603;Category 33
302604;Description 2604;Category 94
302605;Description 2605;Category 57
302606;Description 2606;Category 56
302607;Description 2607;Category 56
302608;Description 2608;Category 143
302609;Description 2609;Category 143
302610;Description 2610;Category 143
302611;Description 2611;Category 143
302612;Description 2612;Category 47
302613;Description 2613;Category 3
302614;Description 2614;Category 146
302615;Description 2615;Category 119
302616;Description 2616;Category 13
302617;Description 2617;Category 1
302618;Description 2618;Category 27
302619;Description 2619;Category 69
302620;Description 2620;Category 42
302621;Description 2621;Category 42
302622;Description 2622;Category 47
302623;Description 2623;Category 226
302624;Description 2624;Category 142
302625;Description 2625;Category 42
302626;Description 2626;Category 57
302627;Description 2627;Category 146
302628;Description 2628;Category 135
302629;Description 2629;Category 56
302630;Description 2630;Category 45
302631;Description 2631;Category 127
302632;Description 2632;Category 45
302633;Description 2633;Category 119
302634;Description 2634;Category 104
302635;Description 2635;Category 104
302636;Description 2636;Category 13
302637;Description 2637;Category 135
302638;Description 2638;Category 11
302639;Description 2639;Category 11
302640;Description 2640;Category 104
302641;Description 2641;Category 41
302642;Description 2642;Category 173
302643;Description 2643;Category 30
302644;Description 2644;Category 13
302645;Description 2645;Category 87
302646;Description 2646;Category 112
302647;Description 2647;Category 47
302648;Description 2648;Category 56
302649;Description 2649;Category 128
302650;Description 2650;Category 39
302651;Description 2651;Category 28
302652;Description 2652;Category 123
302653;Description 2653;Category 30
302654;Description 2654;Category 143
302655;Description 2655;Category 143
302656;Description 2656;Category 205
302657;Description 2657;Category 14
302658;Description 2658;Category 66
302659;Description 2659;Category 20
302660;Description 2660;Category 7
302661;Description 2661;Category 77
302662;Description 2662;Category 47
302663;Description 2663;Category 161
302664;Description 2664;Category 57
302665;Description 2665;Category 97
302666;Description 2666;Category 154
302667;Description 2667;Category 142
302668;Description 2668;Category 135
302669;Description 2669;Category 29
302670;Description 2670;Category 77
302671;Description 2671;Category 53
302672;Description 2672;Category 27
302673;Description 2673;Category 112
302674;Description 2674;Category 168
302675;Description 2675;Category 77
302676;Description 2676;Category 3
302677;Description 2677;Category 143
302678;Description 2678;Category 198
302679;Description 2679;Category 11
302680;Description 2680;Category 101
302681;Description 2681;Category 165
302682;Description 2682;Category 163
302683;Description 2683;Category 186
302684;Description 2684;Category 154
302685;Description 2685;Category 231
302686;Description 2686;Category 57
302687;Description 2687;Category 143
302688;Description 2688;Category 143
302689;Description 2689;Category 143
302690;Description 2690;Category 154
302691;Description 2691;Category 56
302692;Description 2692;Category 56
302693;Description 2693;Category 55
302694;Description 2694;Category 7
302695;Description 2695;Category 104
302696;Description 2696;Category 56
302697;Description 2697;Category 56
302698;Description 2698;Category 57
302699;Description 2699;Category 51
302700;Description 2700;Category 142
302701;Description 2701;Category 106
302702;Description 2702;Category 56
302703;Description 2703;Category 123
302704;Description 2704;Category 113
302705;Description 2705;Category 135
302706;Description 2706;Category 24
302707;Description 2707;Category 183
302708;Description 2708;Category 13
302709;Description 2709;Category 146
302710;Description 2710;Category 34
302711;Description 2711;Category 45
302712;Description 2712;Category 77
302713;Description 2713;Category 85
302714;Description 2714;Category 215
302715;Description 2715;Category 45
302716;Description 2716;Category 186
302717;Description 2717;Category 143
302718;Description 2718;Category 143
302719;Description 2719;Category 44
302720;Description 2720;Category 212
302721;Description 2721;Category 91
302722;Description 2722;Category 47
302723;Description 2723;Category 15
302724;Description 2724;Category 77
302725;Description 2725;Category 57
302726;Description 2726;Category 16
302727;Description 2727;Category 74
302728;Description 2728;Category 64
302729;Description 2729;Category 13
302730;Description 2730;Category 32
302731;Description 2731;Category 232
302732;Description 2732;Category 28
302733;Description 2733;Category 113
302734;Description 2734;Category 52
302735;Description 2735;Category 233
302736;Description 2736;Category 27
302737;Description 2737;Category 165
302738;Description 2738;Category 197
302739;Description 2739;Category 49
302740;Description 2740;Category 104
302741;Description 2741;Category 57
302742;Description 2742;Category 101
302743;Description 2743;Category 135
302744;Description 2744;Category 160
302745;Description 2745;Category 14
302746;Description 2746;Category 146
302747;Description 2747;Category 146
302748;Description 2748;Category 98
302749;Description 2749;Category 45
302750;Description 2750;Category 66
302751;Description 2751;Category 75
302752;Description 2752;Category 57
302753;Description 2753;Category 127
302754;Description 2754;Category 20
302755;Description 2755;Category 118
302756;Description 2756;Category 56
302757;Description 2757;Category 229
302758;Description 2758;Category 144
302759;Description 2759;Category 121
302760;Description 2760;Category 11
302761;Description 2761;Category 165
302762;Description 2762;Category 102
302763;Description 2763;Category 3
302764;Description 2764;Category 127
302765;Description 2765;Category 234
302766;Description 2766;Category 56
302767;Description 2767;Category 198
302768;Description 2768;Category 183
302769;Description 2769;Category 56
302770;Description 2770;Category 13
302771;Description 2771;Category 66
302772;Description 2772;Category 13
302773;Description 2773;Category 185
302774;Description 2774;Category 121
302775;Description 2775;Category 146
302776;Description 2776;Category 103
302777;Description 2777;Category 13
302778;Description 2778;Category 57
302779;Description 2779;Category 235
302780;Description 2780;Category 154
302781;Description 2781;Category 35
302782;Description 2782;Category 56
302783;Description 2783;Category 156
302784;Description 2784;Category 11
302785;Description 2785;Category 119
302786;Description 2786;Category 75
302787;Description 2787;Category 85
302788;Description 2788;Category 125
302789;Description 2789;Category 47
302790;Description 2790;Category 63
302791;Description 2791;Category 186
302792;Description 2792;Category 154
302793;Description 2793;Category 29
302794;Description 2794;Category 57
302795;Description 2795;Category 11
302796;Description 2796;Category 13
302797;Description 2797;Category 65
302798;Description 2798;Category 77
302799;Description 2799;Category 77
302800;Description 2800;Category 13
302801;Description 2801;Category 133
302802;Description 2802;Category 27
302803;Description 2803;Category 25
302804;Description 2804;Category 104
302805;Description 2805;Category 186
302806;Description 2806;Category 106
302807;Description 2807;Category 57
302808;Description 2808;Category 106
302809;Description 2809;Category 56
302810;Description 2810;Category 121
302811;Description 2811;Category 171
302812;Description 2812;Category 154
302813;Description 2813;Category 177
302814;Description 2814;Category 119
302815;Description 2815;Category 57
302816;Description 2816;Category 57
302817;Description 2817;Category 57
302818;Description 2818;Category 103
302819;Description 2819;Category 144
302820;Description 2820;Category 160
302821;Description 2821;Category 15
302822;Description 2822;Category 236
302823;Description 2823;Category 23
302824;Description 2824;Category 190
302825;Description 2825;Category 113
302826;Description 2826;Category 52
302827;Description 2827;Category 99
302828;Description 2828;Category 77
302829;Description 2829;Category 237
302830;Description 2830;Category 14
302831;Description 2831;Category 39
302832;Description 2832;Category 168
302833;Description 2833;Category 57
302834;Description 2834;Category 163
302835;Description 2835;Category 142
302836;Description 2836;Category 154
302837;Description 2837;Category 56
302838;Description 2838;Category 57
302839;Description 2839;Category 62
302840;Description 2840;Category 13
302841;Description 2841;Category 13
302842;Description 2842;Category 213
302843;Description 2843;Category 87
302844;Description 2844;Category 104
302845;Description 2845;Category 154
302846;Description 2846;Category 142
302847;Description 2847;Category 154
302848;Description 2848;Category 186
302849;Description 2849;Category 113
302850;Description 2850;Category 113
302851;Description 2851;Category 113
302852;Description 2852;Category 146
302853;Description 2853;Category 186
302854;Description 2854;Category 153
302855;Description 2467;Category 15
302856;Description 2855;Category 94
302857;Description 2856;Category 186
302858;Description 2857;Category 57
302859;Description 2858;Category 30
302860;Description 2859;Category 104
302861;Description 2860;Category 15
302862;Description 2861;Category 8
302863;Description 2862;Category 53
302864;Description 2863;Category 3
302865;Description 2864;Category 77
302866;Description 2865;Category 57
302867;Description 2866;Category 113
302868;Description 2867;Category 56
302869;Description 2868;Category 30
302870;Description 2869;Category 146
302871;Description 2870;Category 146
302872;Description 2871;Category 47
302873;Description 2872;Category 15
302874;Description 2873;Category 56
302875;Description 2874;Category 94
302876;Description 2875;Category 194
302877;Description 2876;Category 222
302878;Description 2877;Category 25
302879;Description 2878;Category 103
302880;Description 2879;Category 47
302881;Description 2880;Category 47
302882;Description 2881;Category 57
302883;Description 2882;Category 186
302884;Description 2883;Category 185
302885;Description 2884;Category 122
302886;Description 2885;Category 17
302887;Description 2886;Category 123
302888;Description 2887;Category 165
302889;Description 2888;Category 44
302890;Description 2889;Category 113
302891;Description 2890;Category 238
302892;Description 2891;Category 37
302893;Description 2892;Category 123
302894;Description 2893;Category 44
302895;Description 2894;Category 127
302896;Description 2895;Category 109
302897;Description 2896;Category 74
302898;Description 2897;Category 64
302899;Description 2898;Category 56
302900;Description 2899;Category 56
302901;Description 2900;Category 3
302902;Description 2901;Category 112
302903;Description 2902;Category 112
302904;Description 2903;Category 233
302905;Description 2904;Category 233
302906;Description 2905;Category 172
302907;Description 2906;Category 13
302908;Description 2907;Category 11
302909;Description 2908;Category 57
302910;Description 2909;Category 166
302911;Description 2910;Category 120
302912;Description 2911;Category 2
302913;Description 2912;Category 156
302914;Description 2913;Category 28
302915;Description 2914;Category 226
302916;Description 2915;Category 46
302917;Description 2916;Category 47
302918;Description 2917;Category 142
302919;Description 2918;Category 186
302920;Description 2919;Category 27
302921;Description 2920;Category 126
302922;Description 2921;Category 15
302923;Description 2922;Category 34
302924;Description 2923;Category 15
302925;Description 2924;Category 113
302926;Description 2925;Category 28
302927;Description 2926;Category 34
302928;Description 2927;Category 142
302929;Description 2928;Category 121
302930;Description 2929;Category 151
302931;Description 2930;Category 239
302932;Description 2931;Category 198
302933;Description 2932;Category 2
302934;Description 2933;Category 150
302935;Description 2934;Category 61
302936;Description 2935;Category 112
302937;Description 2936;Category 46
302938;Description 2937;Category 22
302939;Description 2938;Category 22
302940;Description 2939;Category 195
302941;Description 2940;Category 124
302942;Description 2941;Category 125
302943;Description 2942;Category 217
302944;Description 2943;Category 217
302945;Description 2944;Category 47
302946;Description 2945;Category 6
302947;Description 2946;Category 11
302948;Description 2947;Category 3
302949;Description 2948;Category 52
302950;Description 2949;Category 133
302951;Description 2950;Category 166
302952;Description 2951;Category 190
302953;Description 2952;Category 135
302954;Description 2953;Category 181
302955;Description 2954;Category 151
302956;Description 2955;Category 104
302957;Description 2956;Category 62
302958;Description 2957;Category 240
302959;Description 2958;Category 240
302960;Description 2959;Category 113
302961;Description 2960;Category 237
302962;Description 2961;Category 32
302963;Description 2962;Category 94
302964;Description 2963;Category 28
302965;Description 2964;Category 57
302966;Description 2965;Category 51
302967;Description 2966;Category 56
302968;Description 2967;Category 107
302969;Description 2968;Category 57
302970;Description 2969;Category 39
302971;Description 2970;Category 102
302972;Description 2971;Category 104
302973;Description 2972;Category 104
302974;Description 2973;Category 104
302975;Description 2974;Category 104
302976;Description 2975;Category 104
302977;Description 2976;Category 102
302978;Description 2977;Category 234
302979;Description 2978;Category 104
302980;Description 2979;Category 104
302981;Description 2980;Category 56
302982;Description 2981;Category 104
302983;Description 2982;Category 104
302984;Description 2983;Category 39
302985;Description 2984;Category 234
302986;Description 2985;Category 39
302987;Description 2986;Category 56
302988;Description 2987;Category 112
302989;Description 2988;Category 112
302990;Description 2989;Category 163
302991;Description 2990;Category 104
302992;Description 2991;Category 103
302993;Description 2992;Category 112
302994;Description 2993;Category 112
302995;Description 2994;Category 163
302996;Description 2995;Category 165
302997;Description 2996;Category 104
302998;Description 2997;Category 165
302999;Description 2998;Category 210
303000;Description 2999;Category 104
303001;Description 3000;Category 34
303002;Description 3001;Category 165
303003;Description 3002;Category 39
303004;Description 3003;Category 39
303005;Description 3004;Category 123
303006;Description 3005;Category 103
303007;Description 3006;Category 163
303008;Description 3007;Category 56
303009;Description 3008;Category 57
303010;Description 3009;Category 103
303011;Description 3010;Category 103
303012;Description 3011;Category 57
303013;Description 3012;Category 112
303014;Description 3013;Category 8
303015;Description 3014;Category 119
303016;Description 3015;Category 119
303017;Description 3016;Category 234
303018;Description 3017;Category 217
303019;Description 3018;Category 190
303020;Description 3019;Category 2
303021;Description 3020;Category 17
303022;Description 3021;Category 77
303023;Description 3022;Category 13
303024;Description 3023;Category 106
303025;Description 3024;Category 13
303026;Description 3025;Category 112
303027;Description 3026;Category 29
303028;Description 3027;Category 56
303029;Description 3028;Category 24
303030;Description 3029;Category 232
303031;Description 3030;Category 33
303032;Description 3031;Category 28
303033;Description 3032;Category 14
303034;Description 3033;Category 8
303035;Description 3034;Category 15
303036;Description 3035;Category 51
303037;Description 3036;Category 34
303038;Description 3037;Category 34
303039;Description 3038;Category 53
303040;Description 3039;Category 53
303041;Description 3040;Category 33
303042;Description 3041;Category 45
303043;Description 3042;Category 77
303044;Description 3043;Category 77
303045;Description 3044;Category 45
303046;Description 3045;Category 87
303047;Description 3046;Category 44
303048;Description 3047;Category 33
303049;Description 3048;Category 106
303050;Description 3049;Category 44
303051;Description 3050;Category 33
303052;Description 3051;Category 226
303053;Description 3052;Category 51
303054;Description 3053;Category 241
303055;Description 3054;Category 241
303056;Description 3055;Category 30
303057;Description 3056;Category 133
303058;Description 3057;Category 51
303059;Description 3058;Category 44
303060;Description 3059;Category 227
303061;Description 3060;Category 119
303062;Description 3061;Category 30
303063;Description 3062;Category 51
303064;Description 3063;Category 34
303065;Description 3064;Category 188
303066;Description 3065;Category 188
303067;Description 3066;Category 27
303068;Description 3067;Category 44
303069;Description 3068;Category 74
303070;Description 3069;Category 27
303071;Description 3070;Category 242
303072;Description 3071;Category 188
303073;Description 3072;Category 146
303074;Description 3073;Category 135
303075;Description 3074;Category 13
303076;Description 3075;Category 94
303077;Description 3076;Category 101
303078;Description 3077;Category 59
303079;Description 3078;Category 217
303080;Description 3079;Category 146
303081;Description 3080;Category 135
303082;Description 3081;Category 217
303083;Description 3082;Category 146
303084;Description 3083;Category 135
303085;Description 3084;Category 215
303086;Description 3085;Category 17
303087;Description 3086;Category 101
303088;Description 3087;Category 135
303089;Description 3088;Category 13
303090;Description 3089;Category 135
303091;Description 3090;Category 101
303092;Description 3091;Category 77
303093;Description 3092;Category 77
303094;Description 3093;Category 146
303095;Description 3094;Category 104
303096;Description 3095;Category 99
303097;Description 3096;Category 104
303098;Description 3097;Category 122
303099;Description 3098;Category 112
303100;Description 3099;Category 123
303101;Description 3100;Category 164
303102;Description 3101;Category 164
303103;Description 3102;Category 52
303104;Description 3103;Category 45
303105;Description 3104;Category 112
303106;Description 3105;Category 27
303107;Description 3106;Category 209
303108;Description 3107;Category 142
303109;Description 3108;Category 142
303110;Description 3109;Category 142
303111;Description 3110;Category 230
303112;Description 3111;Category 57
303113;Description 3112;Category 123
303114;Description 3113;Category 106
303115;Description 3114;Category 27
303116;Description 3115;Category 13
303117;Description 3116;Category 146
303118;Description 3117;Category 119
303119;Description 3118;Category 119
303120;Description 3119;Category 146
303121;Description 3120;Category 146
303122;Description 3121;Category 146
303123;Description 3122;Category 146
303124;Description 3123;Category 233
303125;Description 3124;Category 119
303126;Description 3125;Category 119
303127;Description 3126;Category 30
303128;Description 3127;Category 34
303129;Description 3128;Category 93
303130;Description 3129;Category 3
303131;Description 3130;Category 2
303132;Description 3131;Category 2
303133;Description 3132;Category 3
303134;Description 3133;Category 13
303135;Description 3134;Category 146
303136;Description 3135;Category 213
303137;Description 3136;Category 30
303138;Description 3137;Category 3
303139;Description 3138;Category 172
303140;Description 3139;Category 52
303141;Description 3140;Category 215
303142;Description 3141;Category 243
303143;Description 3142;Category 243
303144;Description 3143;Category 101
303145;Description 3144;Category 29
303146;Description 3145;Category 244
303147;Description 3146;Category 104
303148;Description 3147;Category 57
303149;Description 3148;Category 146
303150;Description 3149;Category 146
303151;Description 3150;Category 135
303152;Description 3151;Category 119
303153;Description 3152;Category 168
303154;Description 3153;Category 34
303155;Description 3154;Category 13
303156;Description 3155;Category 56
303157;Description 3156;Category 34
303158;Description 3157;Category 24
303159;Description 3158;Category 47
303160;Description 3159;Category 234
303161;Description 3160;Category 119
303162;Description 3161;Category 39
303163;Description 3162;Category 168
303164;Description 3163;Category 229
303165;Description 3164;Category 56
303166;Description 3165;Category 168
303167;Description 3166;Category 56
303168;Description 3167;Category 228
303169;Description 3168;Category 57
303170;Description 3169;Category 119
303171;Description 3170;Category 234
303172;Description 3171;Category 106
303173;Description 3172;Category 164
303174;Description 3173;Category 39
303175;Description 3174;Category 3
303176;Description 3175;Category 21
303177;Description 3176;Category 16
303178;Description 3177;Category 16
303179;Description 3178;Category 146
303180;Description 3179;Category 146
303181;Description 3180;Category 216
303182;Description 3181;Category 27
303183;Description 3182;Category 215
303184;Description 3183;Category 35
303185;Description 3184;Category 146
303186;Description 3185;Category 215
303187;Description 3186;Category 27
303188;Description 3187;Category 13
303189;Description 3188;Category 135
303190;Description 3189;Category 243
303191;Description 3190;Category 243
303192;Description 3191;Category 106
303193;Description 3192;Category 210
303194;Description 3193;Category 137
303195;Description 3194;Category 146
303196;Description 3195;Category 42
303197;Description 3196;Category 135
303198;Description 3197;Category 168
303199;Description 3198;Category 103
303200;Description 3199;Category 77
303201;Description 3200;Category 39
303202;Description 3201;Category 122
303203;Description 3202;Category 129
303204;Description 3203;Category 39
303205;Description 3204;Category 164
303206;Description 3205;Category 104
303207;Description 3206;Category 106
303208;Description 3207;Category 106
303209;Description 3208;Category 106
303210;Description 3209;Category 106
303211;Description 3210;Category 106
303212;Description 3211;Category 47
303213;Description 3212;Category 226
303214;Description 3213;Category 190
303215;Description 3214;Category 110
303216;Description 3215;Category 44
303217;Description 3216;Category 146
303218;Description 3217;Category 13
303219;Description 3218;Category 24
303220;Description 3219;Category 146
303221;Description 3220;Category 121
303222;Description 3221;Category 192
303223;Description 3222;Category 193
303224;Description 3223;Category 104
303225;Description 3224;Category 123
303226;Description 3225;Category 101
303227;Description 3226;Category 11
303228;Description 3227;Category 242
303229;Description 3228;Category 177
303230;Description 3229;Category 24
303231;Description 3230;Category 33
303232;Description 3231;Category 185
303233;Description 3232;Category 119
303234;Description 3233;Category 119
303235;Description 3234;Category 104
303236;Description 3235;Category 106
303237;Description 3236;Category 56
303238;Description 3237;Category 56
303239;Description 3238;Category 103
303240;Description 3239;Category 98
303241;Description 3240;Category 245
303242;Description 3241;Category 17
303243;Description 3242;Category 13
303244;Description 3243;Category 135
303245;Description 3244;Category 25
303246;Description 3245;Category 119
303247;Description 3246;Category 52
303248;Description 3247;Category 119
303249;Description 3248;Category 103
303250;Description 3249;Category 113
303251;Description 3250;Category 2
303252;Description 3251;Category 122
303253;Description 3252;Category 4
303254;Description 3253;Category 246
303255;Description 3254;Category 65
303256;Description 3255;Category 165
303257;Description 3256;Category 246
303258;Description 3257;Category 77
303259;Description 3258;Category 146
303260;Description 3259;Category 146
303261;Description 3260;Category 146
303262;Description 3261;Category 146
303263;Description 3262;Category 145
303264;Description 3263;Category 8
303265;Description 3264;Category 142
303266;Description 3265;Category 57
303267;Description 3266;Category 70
303268;Description 3267;Category 243
303269;Description 3268;Category 56
303270;Description 3269;Category 39
303271;Description 3270;Category 56
303272;Description 3271;Category 72
303273;Description 3272;Category 179
303274;Description 3273;Category 185
303275;Description 3274;Category 149
303276;Description 3275;Category 234
303277;Description 3276;Category 39
303278;Description 3277;Category 135
303279;Description 3278;Category 3
303280;Description 3279;Category 133
303281;Description 3280;Category 13
303282;Description 3281;Category 56
303283;Description 3282;Category 165
303284;Description 3283;Category 247
303285;Description 3284;Category 247
303286;Description 3285;Category 119
303287;Description 3286;Category 119
303288;Description 3287;Category 56
303289;Description 3288;Category 119
303290;Description 3289;Category 216
303291;Description 3290;Category 44
303292;Description 3291;Category 27
303293;Description 3292;Category 27
303294;Description 3293;Category 42
303295;Description 3294;Category 248
303296;Description 3295;Category 248
303297;Description 3296;Category 57
303298;Description 3297;Category 137
303299;Description 3298;Category 243
303300;Description 3299;Category 243
303301;Description 3300;Category 243
303302;Description 3301;Category 243
303303;Description 3302;Category 119
303304;Description 3303;Category 57
303305;Description 3304;Category 56
303306;Description 3305;Category 190
303307;Description 3306;Category 133
303308;Description 3307;Category 128
303309;Description 3308;Category 191
303310;Description 3309;Category 188
303311;Description 3310;Category 4
303312;Description 3311;Category 104
303313;Description 3312;Category 112
303314;Description 3313;Category 145
303315;Description 3314;Category 186
303316;Description 3315;Category 154
303317;Description 3316;Category 56
303318;Description 3317;Category 103
303319;Description 3318;Category 27
303320;Description 3319;Category 104
303321;Description 3320;Category 137
303322;Description 3321;Category 45
303323;Description 3322;Category 45
303324;Description 3323;Category 210
303325;Description 3324;Category 6
303326;Description 3325;Category 11
303327;Description 3326;Category 130
303328;Description 3327;Category 7
303329;Description 3328;Category 146
303330;Description 3329;Category 34
303331;Description 3330;Category 192
303332;Description 3331;Category 101
303333;Description 3332;Category 101
303334;Description 3333;Category 122
303335;Description 3334;Category 39
303336;Description 3335;Category 56
303337;Description 3336;Category 57
303338;Description 3337;Category 56
303339;Description 3338;Category 57
303340;Description 3339;Category 57
303341;Description 3340;Category 123
303342;Description 3341;Category 56
303343;Description 3342;Category 39
303344;Description 3343;Category 119
303345;Description 3344;Category 27
303346;Description 3345;Category 53
303347;Description 3346;Category 27
303348;Description 3347;Category 5
303349;Description 3348;Category 56
303350;Description 3349;Category 185
303351;Description 3350;Category 94
303352;Description 3351;Category 40
303353;Description 3352;Category 46
303354;Description 3353;Category 104
303355;Description 3354;Category 135
303356;Description 3355;Category 57
303357;Description 3356;Category 119
303358;Description 3357;Category 56
303359;Description 3358;Category 52
303360;Description 1677;Category 56
303361;Description 3359;Category 25
303362;Description 3360;Category 45
303363;Description 3361;Category 204
303364;Description 3362;Category 3
303365;Description 3363;Category 3
303366;Description 3364;Category 3
303367;Description 3365;Category 94
303368;Description 3366;Category 33
303369;Description 3367;Category 98
303370;Description 3368;Category 84
303371;Description 3369;Category 146
303372;Description 3370;Category 146
303373;Description 3371;Category 247
303374;Description 3372;Category 106
303375;Description 3373;Category 186
303376;Description 3374;Category 31
303377;Description 3375;Category 87
303378;Description 3376;Category 247
303379;Description 3377;Category 123
303380;Description 3378;Category 123
303381;Description 3379;Category 45
303382;Description 3380;Category 119
303383;Description 3381;Category 113
303384;Description 3382;Category 150
303385;Description 3383;Category 133
303386;Description 3384;Category 4
303387;Description 3385;Category 39
303388;Description 3386;Category 39
303389;Description 3387;Category 21
303390;Description 3388;Category 94
303391;Description 3389;Category 27
303392;Description 3390;Category 217
303393;Description 3391;Category 152
303394;Description 3392;Category 152
303395;Description 3393;Category 65
303396;Description 3394;Category 3
303397;Description 3395;Category 27
303398;Description 3396;Category 204
303399;Description 3397;Category 198
303400;Description 3398;Category 56
303401;Description 3399;Category 56
303402;Description 3400;Category 215
303403;Description 3401;Category 151
303404;Description 3402;Category 3
303405;Description 3403;Category 217
303406;Description 3404;Category 181
303407;Description 3405;Category 82
303408;Description 3406;Category 14
303409;Description 3407;Category 15
303410;Description 3408;Category 15
303411;Description 3409;Category 57
303412;Description 3410;Category 106
303413;Description 3411;Category 16
303414;Description 3412;Category 27
303415;Description 3413;Category 77
303416;Description 3414;Category 57
303417;Description 3415;Category 94
303418;Description 3416;Category 98
303419;Description 3417;Category 74
303420;Description 3418;Category 146
303421;Description 3419;Category 11
303422;Description 3420;Category 48
303423;Description 3421;Category 249
303424;Description 3422;Category 249
303425;Description 3423;Category 249
303426;Description 3424;Category 249
303427;Description 3425;Category 249
303428;Description 3426;Category 249
303429;Description 3427;Category 249
303430;Description 3428;Category 249
303431;Description 3429;Category 57
303432;Description 3430;Category 33
303433;Description 3431;Category 111
303434;Description 3432;Category 105
303435;Description 3433;Category 56
303436;Description 3434;Category 57
303437;Description 3435;Category 83
303438;Description 3436;Category 216
303439;Description 3437;Category 62
303440;Description 3438;Category 144
303441;Description 3439;Category 3
303442;Description 3440;Category 122
303443;Description 3441;Category 38
303444;Description 3442;Category 38
303445;Description 3443;Category 56
303446;Description 3444;Category 39
303447;Description 3445;Category 122
303448;Description 3446;Category 119
303449;Description 3447;Category 199
303450;Description 3448;Category 14
303451;Description 3449;Category 3
303452;Description 3450;Category 32
303453;Description 3451;Category 216
303454;Description 3452;Category 193
303455;Description 3453;Category 11
303456;Description 3454;Category 60
303457;Description 3455;Category 142
303458;Description 3456;Category 142
303459;Description 3457;Category 77
303460;Description 3458;Category 3
303461;Description 3459;Category 42
303462;Description 3460;Category 165
303463;Description 3461;Category 27
303464;Description 3462;Category 13
303465;Description 3463;Category 45
303466;Description 3464;Category 119
303467;Description 3465;Category 13
303468;Description 3466;Category 86
303469;Description 3467;Category 22
303470;Description 3468;Category 164
303471;Description 3469;Category 135
303472;Description 3470;Category 160
303473;Description 3471;Category 10
303474;Description 3472;Category 36
303475;Description 3473;Category 181
303476;Description 3474;Category 44
303477;Description 3475;Category 15
303478;Description 3476;Category 38
303479;Description 3477;Category 188
303480;Description 3478;Category 100
303481;Description 3479;Category 67
303482;Description 3480;Category 121
303483;Description 3481;Category 101
303484;Description 3482;Category 63
303485;Description 3483;Category 146
303486;Description 3484;Category 74
303487;Description 3485;Category 56
303488;Description 3486;Category 146
303489;Description 3487;Category 146
303490;Description 3488;Category 153
303491;Description 3489;Category 54
303492;Description 3490;Category 138
303493;Description 3491;Category 15
303494;Description 3492;Category 185
303495;Description 3493;Category 213
303496;Description 3494;Category 143
303497;Description 3495;Category 234
303498;Description 3496;Category 57
303499;Description 3497;Category 57
303500;Description 3498;Category 3
303501;Description 3499;Category 44
303502;Description 3500;Category 104
303503;Description 3501;Category 142
303504;Description 3502;Category 179
303505;Description 3503;Category 48
303506;Description 3504;Category 250
303507;Description 3505;Category 250
303508;Description 3506;Category 104
303509;Description 3507;Category 112
303510;Description 3508;Category 112
303511;Description 3509;Category 112
303512;Description 3510;Category 112
303513;Description 3511;Category 104
303514;Description 3512;Category 62
303515;Description 3513;Category 24
303516;Description 3514;Category 127
303517;Description 3515;Category 151
303518;Description 3516;Category 57
303519;Description 3517;Category 110
303520;Description 3518;Category 101
303521;Description 3519;Category 119
303522;Description 3520;Category 82
303523;Description 3521;Category 39
303524;Description 3522;Category 247
303525;Description 3523;Category 15
303526;Description 3524;Category 24
303527;Description 3525;Category 22
303528;Description 3526;Category 52
303529;Description 3527;Category 53
303530;Description 3528;Category 11
303531;Description 3529;Category 3
303532;Description 3530;Category 2
303533;Description 3531;Category 3
303534;Description 3532;Category 161
303535;Description 3533;Category 7
303536;Description 3534;Category 5
303537;Description 3535;Category 94
303538;Description 3536;Category 186
303539;Description 3537;Category 142
303540;Description 3538;Category 146
303541;Description 3539;Category 77
303542;Description 3540;Category 135
303543;Description 3541;Category 104
303544;Description 3542;Category 112
303545;Description 3543;Category 142
303546;Description 3544;Category 24
303547;Description 3545;Category 3
303548;Description 3546;Category 3
303549;Description 3547;Category 3
303550;Description 3548;Category 47
303551;Description 3549;Category 163
303552;Description 3550;Category 249
303553;Description 3551;Category 157
303554;Description 3552;Category 180
303555;Description 3553;Category 63
303556;Description 3554;Category 127
303557;Description 3555;Category 22
303558;Description 3556;Category 3
303559;Description 3557;Category 217
303560;Description 3558;Category 3
303561;Description 3559;Category 27
303562;Description 3560;Category 22
303563;Description 3561;Category 211
303564;Description 3562;Category 3
303565;Description 3563;Category 135
303566;Description 3564;Category 188
303567;Description 3565;Category 154
303568;Description 3566;Category 151
303569;Description 3567;Category 213
303570;Description 3568;Category 15
303571;Description 3569;Category 218
303572;Description 3570;Category 46
303573;Description 3571;Category 89
303574;Description 3572;Category 3
303575;Description 3573;Category 2
303576;Description 3574;Category 3
303577;Description 3575;Category 121
303578;Description 3576;Category 135
303579;Description 3577;Category 112
303580;Description 3578;Category 119
303581;Description 3579;Category 22
303582;Description 3580;Category 28
303583;Description 3581;Category 27
303584;Description 3582;Category 22
303585;Description 3583;Category 22
303586;Description 3584;Category 24
303587;Description 3585;Category 38
303588;Description 3586;Category 163
303589;Description 3587;Category 185
303590;Description 3588;Category 34
303591;Description 330;Category 71
303592;Description 3589;Category 39
303593;Description 3590;Category 104
303594;Description 3591;Category 11
303595;Description 3592;Category 11
303596;Description 3593;Category 180
303597;Description 3594;Category 142
303598;Description 3595;Category 14
303599;Description 3596;Category 149
303600;Description 3597;Category 172
303601;Description 3598;Category 42
303602;Description 3599;Category 2
303603;Description 3600;Category 135
303604;Description 3601;Category 22
303605;Description 3602;Category 104
303606;Description 3603;Category 14
303607;Description 3604;Category 3
303608;Description 3605;Category 98
303609;Description 3606;Category 24
303610;Description 3607;Category 24
303611;Description 3608;Category 164
303612;Description 3609;Category 112
303613;Description 3610;Category 56
303614;Description 3611;Category 57
303615;Description 3612;Category 48
303616;Description 3613;Category 53
303617;Description 3614;Category 186
303618;Description 3615;Category 103
303619;Description 3616;Category 101
303620;Description 3617;Category 97
303621;Description 3618;Category 7
303622;Description 3619;Category 77
303623;Description 3620;Category 142
303624;Description 3621;Category 188
303625;Description 3622;Category 22
303626;Description 3623;Category 22
303627;Description 3624;Category 56
303628;Description 3625;Category 125
303629;Description 3626;Category 52
303630;Description 3627;Category 7
303631;Description 3628;Category 4
303632;Description 3629;Category 53
303633;Description 3630;Category 224
303634;Description 3631;Category 8
303635;Description 3632;Category 87
303636;Description 3633;Category 13
303637;Description 3634;Category 106
303638;Description 3635;Category 87
303639;Description 3636;Category 127
303640;Description 3637;Category 40
303641;Description 3638;Category 30
303642;Description 3639;Category 14
303643;Description 3640;Category 122
303644;Description 3641;Category 163
303645;Description 3642;Category 104
303646;Description 3643;Category 15
303647;Description 3644;Category 199
303648;Description 3645;Category 80
303649;Description 3646;Category 219
303650;Description 3647;Category 57
303651;Description 3648;Category 47
303652;Description 3649;Category 29
303653;Description 3650;Category 210
303654;Description 3651;Category 111
303655;Description 3652;Category 106
303656;Description 1417;Category 42
303657;Description 3653;Category 3
303658;Description 3654;Category 3
303659;Description 3655;Category 151
303660;Description 3656;Category 185
303661;Description 3657;Category 27
303662;Description 3658;Category 187
303663;Description 3659;Category 157
303664;Description 3660;Category 85
303665;Description 3661;Category 27
303666;Description 3662;Category 168
303667;Description 3663;Category 123
303668;Description 3664;Category 98
303669;Description 3665;Category 2
303670;Description 3666;Category 93
303671;Description 3667;Category 2
303672;Description 3668;Category 77
303673;Description 3669;Category 180
303674;Description 3670;Category 7
303675;Description 3671;Category 56
303676;Description 3672;Category 3
303677;Description 3673;Category 227
303678;Description 3674;Category 135
303679;Description 3675;Category 146
303680;Description 3676;Category 191
303681;Description 3677;Category 51
303682;Description 3678;Category 11
303683;Description 3679;Category 22
303684;Description 3680;Category 109
303685;Description 3681;Category 65
303686;Description 3682;Category 143
303687;Description 3683;Category 44
303688;Description 3684;Category 2
303689;Description 3685;Category 2
303690;Description 3686;Category 106
303691;Description 3687;Category 104
303692;Description 3688;Category 19
303693;Description 3689;Category 222
303694;Description 3690;Category 143
303695;Description 3691;Category 94
303696;Description 3692;Category 44
303697;Description 3693;Category 39
303698;Description 3694;Category 103
303699;Description 3695;Category 135
303700;Description 3696;Category 135
303701;Description 3697;Category 44
303702;Description 3698;Category 104
303703;Description 3699;Category 19
303704;Description 3700;Category 179
303705;Description 3701;Category 48
303706;Description 3702;Category 142
303707;Description 3703;Category 77
303708;Description 3704;Category 47
303709;Description 3705;Category 102
303710;Description 3706;Category 19
303711;Description 3707;Category 1
303712;Description 3708;Category 135
303713;Description 3709;Category 19
303714;Description 3710;Category 74
303715;Description 3711;Category 151
303716;Description 3712;Category 27
303717;Description 3713;Category 151
303718;Description 3714;Category 2
303719;Description 3715;Category 2
303720;Description 3716;Category 186
303721;Description 3717;Category 30
303722;Description 3718;Category 27
303723;Description 3719;Category 49
303724;Description 3720;Category 143
303725;Description 3721;Category 2
303726;Description 3722;Category 56
303727;Description 3723;Category 56
303728;Description 3724;Category 106
303729;Description 3725;Category 80
303730;Description 3726;Category 186
303731;Description 3727;Category 110
303732;Description 3728;Category 139
303733;Description 3729;Category 191
303734;Description 3730;Category 104
303735;Description 3731;Category 52
303736;Description 3732;Category 57
303737;Description 3733;Category 172
303738;Description 3734;Category 57
303739;Description 3735;Category 104
303740;Description 3736;Category 39
303741;Description 3737;Category 154
303742;Description 3738;Category 14
303743;Description 3739;Category 16
303744;Description 3740;Category 56
303745;Description 3741;Category 119
303746;Description 3742;Category 119
303747;Description 3743;Category 251
303748;Description 3744;Category 90
303749;Description 3745;Category 3
303750;Description 3746;Category 40
303751;Description 3747;Category 15
303752;Description 3748;Category 198
303753;Description 3749;Category 24
303754;Description 3750;Category 57
303755;Description 3751;Category 56
303756;Description 3752;Category 159
303757;Description 3753;Category 56
303758;Description 3754;Category 34
303759;Description 3755;Category 135
303760;Description 3756;Category 1
303761;Description 3757;Category 24
303762;Description 3758;Category 42
303763;Description 3759;Category 118
303764;Description 3760;Category 2
303765;Description 3761;Category 249
303766;Description 3762;Category 149
303767;Description 3763;Category 76
303768;Description 3764;Category 97
303769;Description 3765;Category 57
303770;Description 3766;Category 1
303771;Description 3767;Category 185
303772;Description 3768;Category 104
303773;Description 3769;Category 2
303774;Description 3770;Category 111
303775;Description 3771;Category 39
303776;Description 3772;Category 135
303777;Description 3773;Category 122
303778;Description 3774;Category 2
303779;Description 3775;Category 2
303780;Description 3776;Category 44
303781;Description 3777;Category 44
303782;Description 3778;Category 44
303783;Description 3779;Category 87
303784;Description 3780;Category 44
303785;Description 3781;Category 119
303786;Description 3782;Category 25
303787;Description 3783;Category 119
303788;Description 3784;Category 151
303789;Description 3785;Category 3
303790;Description 3786;Category 87
303791;Description 3787;Category 57
303792;Description 3788;Category 142
303793;Description 3789;Category 46
303794;Description 3790;Category 112
303795;Description 3791;Category 112
303796;Description 3792;Category 112
303797;Description 3793;Category 112
303798;Description 3794;Category 104
303799;Description 3795;Category 104
303800;Description 3796;Category 104
303801;Description 3797;Category 104
303802;Description 3798;Category 104
303803;Description 3799;Category 104
303804;Description 3800;Category 104
303805;Description 3801;Category 104
303806;Description 3802;Category 150
303807;Description 3803;Category 150
303808;Description 3804;Category 80
303809;Description 3805;Category 24
303810;Description 3806;Category 157
303811;Description 3807;Category 101
303812;Description 3808;Category 15
303813;Description 3809;Category 132
303814;Description 3810;Category 51
303815;Description 3811;Category 112
303816;Description 3812;Category 104
303817;Description 3813;Category 135
303818;Description 3814;Category 101
303819;Description 3815;Category 151
303820;Description 3816;Category 57
303821;Description 3817;Category 66
303822;Description 3818;Category 47
303823;Description 3819;Category 77
303824;Description 3820;Category 52
303825;Description 3821;Category 67
303826;Description 3822;Category 56
303827;Description 3823;Category 15
303828;Description 3824;Category 119
303829;Description 3825;Category 168
303830;Description 3826;Category 2
303831;Description 3827;Category 87
303832;Description 3828;Category 151
303833;Description 3829;Category 142
303834;Description 3830;Category 146
303835;Description 3831;Category 142
303836;Description 3832;Category 27
303837;Description 3833;Category 27
303838;Description 3834;Category 142
303839;Description 3835;Category 47
303840;Description 3836;Category 57
303841;Description 3837;Category 56
303842;Description 3838;Category 77
303843;Description 3839;Category 142
303844;Description 3840;Category 106
303845;Description 3841;Category 87
303846;Description 3842;Category 7
303847;Description 3843;Category 7
303848;Description 3844;Category 69
303849;Description 3845;Category 3
303850;Description 3846;Category 2
303851;Description 3847;Category 2
303852;Description 3848;Category 22
303853;Description 3849;Category 113
303854;Description 3850;Category 3
303855;Description 3851;Category 142
303856;Description 3852;Category 165
303857;Description 3853;Category 56
303858;Description 3854;Category 125
303859;Description 3855;Category 29
303860;Description 3856;Category 30
303861;Description 3857;Category 35
303862;Description 3858;Category 125
303863;Description 3859;Category 88
303864;Description 3860;Category 234
303865;Description 3861;Category 2
303866;Description 3862;Category 29
303867;Description 3863;Category 119
303868;Description 3864;Category 146
303869;Description 3865;Category 53
303870;Description 3866;Category 252
303871;Description 3867;Category 163
303872;Description 3868;Category 2
303873;Description 3869;Category 27
303874;Description 3870;Category 175
303875;Description 3871;Category 32
303876;Description 3872;Category 125
303877;Description 3873;Category 247
303878;Description 3874;Category 52
303879;Description 3875;Category 101
303880;Description 3876;Category 30
303881;Description 3877;Category 37
303882;Description 3878;Category 98
303883;Description 3879;Category 119
303884;Description 3880;Category 29
303885;Description 3881;Category 24
303886;Description 3882;Category 77
303887;Description 3883;Category 198
303888;Description 3884;Category 8
303889;Description 3885;Category 143
303890;Description 3886;Category 2
303891;Description 3887;Category 46
303892;Description 3888;Category 27
303893;Description 3889;Category 206
303894;Description 3890;Category 15
303895;Description 3891;Category 29
303896;Description 3892;Category 7
303897;Description 3893;Category 151
303898;Description 3894;Category 151
303899;Description 3895;Category 11
303900;Description 3896;Category 104
303901;Description 3897;Category 2
303902;Description 3898;Category 33
303903;Description 3899;Category 3
303904;Description 3900;Category 164
303905;Description 3901;Category 104
303906;Description 3902;Category 253
303907;Description 3903;Category 146
303908;Description 3904;Category 186
303909;Description 3905;Category 142
303910;Description 3906;Category 186
303911;Description 3907;Category 15
303912;Description 3908;Category 185
303913;Description 3909;Category 2
303914;Description 3910;Category 211
303915;Description 3911;Category 2
303916;Description 3912;Category 249
303917;Description 3913;Category 146
303918;Description 3914;Category 32
303919;Description 3915;Category 27
303920;Description 3916;Category 154
303921;Description 3917;Category 13
303922;Description 3918;Category 27
303923;Description 3919;Category 48
303924;Description 3920;Category 11
303925;Description 3921;Category 186
303926;Description 3922;Category 129
303927;Description 3923;Category 2
303928;Description 3924;Category 24
303929;Description 3925;Category 35
303930;Description 3926;Category 135
303931;Description 3927;Category 24
303932;Description 3928;Category 57
303933;Description 3929;Category 13
303934;Description 3930;Category 192
303935;Description 3931;Category 114
303936;Description 3932;Category 216
303937;Description 3933;Category 39
303938;Description 3934;Category 151
303939;Description 3935;Category 186
303940;Description 3936;Category 186
303941;Description 3937;Category 87
303942;Description 3938;Category 27
303943;Description 3939;Category 56
303944;Description 3940;Category 56
303945;Description 3941;Category 254
303946;Description 3942;Category 174
303947;Description 3943;Category 13
303948;Description 3944;Category 154
303949;Description 3945;Category 2
303950;Description 3946;Category 29
303951;Description 3947;Category 146
303952;Description 3948;Category 101
303953;Description 3949;Category 101
303954;Description 3950;Category 101
303955;Description 3951;Category 101
303956;Description 3952;Category 101
303957;Description 3953;Category 101
303958;Description 3954;Category 142
303959;Description 3955;Category 94
303960;Description 3956;Category 2
303961;Description 3957;Category 57
303962;Description 3958;Category 65
303963;Description 3959;Category 91
303964;Description 3960;Category 154
303965;Description 3961;Category 20
303966;Description 3962;Category 15
303967;Description 3963;Category 142
303968;Description 3964;Category 142
303969;Description 3965;Category 143
303970;Description 3966;Category 43
303971;Description 3967;Category 143
303972;Description 3968;Category 154
303973;Description 3969;Category 121
303974;Description 3970;Category 42
303975;Description 3971;Category 146
303976;Description 3972;Category 46
303977;Description 3973;Category 255
303978;Description 3974;Category 39
303979;Description 3975;Category 168
303980;Description 3976;Category 13
303981;Description 3977;Category 13
303982;Description 3978;Category 82
303983;Description 3979;Category 55
303984;Description 3980;Category 86
303985;Description 3981;Category 14
303986;Description 3982;Category 60
303987;Description 3983;Category 140
303988;Description 3984;Category 199
303989;Description 3985;Category 142
303990;Description 3986;Category 189
303991;Description 3987;Category 24
303992;Description 3988;Category 24
303993;Description 3989;Category 57
303994;Description 3990;Category 143
303995;Description 3991;Category 186
303996;Description 3992;Category 54
303997;Description 3993;Category 101
303998;Description 3994;Category 101
303999;Description 3995;Category 30
304000;Description 3996;Category 27
304001;Description 3997;Category 13
304002;Description 3998;Category 142
304003;Description 3999;Category 142
304004;Description 4000;Category 13
304005;Description 4001;Category 15
304006;Description 4002;Category 186
304007;Description 4003;Category 154
304008;Description 4004;Category 195
304009;Description 4005;Category 103
304010;Description 4006;Category 149
304011;Description 4007;Category 256
304012;Description 4008;Category 1
304013;Description 4009;Category 94
304014;Description 4010;Category 145
304015;Description 4011;Category 145
304016;Description 4012;Category 135
304017;Description 4013;Category 146
304018;Description 4014;Category 241
304019;Description 3776;Category 44
304020;Description 4015;Category 61
304021;Description 4016;Category 123
304022;Description 4017;Category 176
304023;Description 4018;Category 2
304024;Description 4019;Category 17
304025;Description 4020;Category 154
304026;Description 4021;Category 33
304027;Description 4022;Category 204
304028;Description 4023;Category 14
304029;Description 4024;Category 185
304030;Description 4025;Category 118
304031;Description 4026;Category 39
304032;Description 4027;Category 3
304033;Description 4028;Category 80
304034;Description 4029;Category 142
304035;Description 4030;Category 186
304036;Description 4031;Category 143
304037;Description 4032;Category 20
304038;Description 4033;Category 28
304039;Description 4034;Category 194
304040;Description 4035;Category 101
304041;Description 4036;Category 101
304042;Description 4037;Category 154
304043;Description 4038;Category 2
304044;Description 4039;Category 185
304045;Description 2883;Category 185
304046;Description 4040;Category 188
304047;Description 4041;Category 20
304048;Description 4042;Category 154
304049;Description 4043;Category 142
304050;Description 4044;Category 142
304051;Description 4045;Category 154
304052;Description 4046;Category 143
304053;Description 4047;Category 77
304054;Description 4048;Category 47
304055;Description 4049;Category 142
304056;Description 4050;Category 154
304057;Description 4051;Category 143
304058;Description 4052;Category 39
304059;Description 4053;Category 62
304060;Description 4054;Category 61
304061;Description 4055;Category 142
304062;Description 4056;Category 186
304063;Description 4057;Category 101
304064;Description 4058;Category 165
304065;Description 4059;Category 125
304066;Description 4060;Category 51
304067;Description 4061;Category 100
304068;Description 4062;Category 3
304069;Description 4063;Category 257
304070;Description 4064;Category 140
304071;Description 4065;Category 80
304072;Description 4066;Category 119
304073;Description 4067;Category 119
304074;Description 4068;Category 142
304075;Description 4069;Category 154
304076;Description 4070;Category 154
304077;Description 4071;Category 180
304078;Description 4072;Category 189
304079;Description 4073;Category 2
304080;Description 4074;Category 146
304081;Description 4075;Category 142
304082;Description 4076;Category 61
304083;Description 4077;Category 112
304084;Description 4078;Category 198
304085;Description 4079;Category 15
304086;Description 4080;Category 11
304087;Description 4081;Category 142
304088;Description 4082;Category 154
304089;Description 4083;Category 36
304090;Description 4084;Category 45
304091;Description 4085;Category 45
304092;Description 4086;Category 113
304093;Description 4087;Category 13
304094;Description 4088;Category 34
304095;Description 4089;Category 217
304096;Description 4090;Category 57
304097;Description 4091;Category 16
304098;Description 4092;Category 135
304099;Description 4093;Category 10
304100;Description 4094;Category 35
304101;Description 4095;Category 14
304102;Description 4096;Category 186
304103;Description 4097;Category 47
304104;Description 4098;Category 142
304105;Description 4099;Category 146
304106;Description 4100;Category 154
304107;Description 4101;Category 3
304108;Description 4102;Category 168
304109;Description 4103;Category 30
304110;Description 4104;Category 258
304111;Description 4105;Category 142
304112;Description 4106;Category 22
304113;Description 4107;Category 11
304114;Description 4108;Category 142
304115;Description 4109;Category 154
304116;Description 4110;Category 213
304117;Description 4111;Category 142
304118;Description 4112;Category 142
304119;Description 4113;Category 27
304120;Description 4114;Category 186
304121;Description 4115;Category 142
304122;Description 4116;Category 57
304123;Description 4117;Category 112
304124;Description 4118;Category 62
304125;Description 4119;Category 101
304126;Description 4120;Category 121
304127;Description 4121;Category 77
304128;Description 4122;Category 163
304129;Description 4123;Category 27
304130;Description 4124;Category 135
304131;Description 4125;Category 186
304132;Description 4126;Category 154
304133;Description 4127;Category 123
304134;Description 4128;Category 61
304135;Description 4129;Category 44
304136;Description 4130;Category 232
304137;Description 4131;Category 146
304138;Description 4132;Category 146
304139;Description 4133;Category 113
304140;Description 4134;Category 57
304141;Description 4135;Category 186
304142;Description 4136;Category 22
304143;Description 4137;Category 30
304144;Description 4138;Category 30
304145;Description 4139;Category 163
304146;Description 4140;Category 142
304147;Description 4141;Category 113
304148;Description 4142;Category 142
304149;Description 4143;Category 142
304150;Description 4144;Category 91
304151;Description 4145;Category 12
304152;Description 4146;Category 119
304153;Description 4147;Category 186
304154;Description 4148;Category 154
304155;Description 4149;Category 120
304156;Description 4150;Category 57
304157;Description 4151;Category 20
304158;Description 4152;Category 153
304159;Description 4153;Category 16
304160;Description 4154;Category 259
304161;Description 4155;Category 5
304162;Description 4156;Category 186
304163;Description 4157;Category 154
304164;Description 4158;Category 186
304165;Description 4159;Category 27
304166;Description 4160;Category 137
304167;Description 4161;Category 56
304168;Description 4162;Category 218
304169;Description 4163;Category 13
304170;Description 4164;Category 13
304171;Description 4165;Category 52
304172;Description 4166;Category 53
304173;Description 4167;Category 151
304174;Description 4168;Category 151
304175;Description 4169;Category 151
304176;Description 4170;Category 3
304177;Description 4171;Category 118
304178;Description 4172;Category 131
304179;Description 4173;Category 146
304180;Description 4174;Category 118
304181;Description 4175;Category 210
304182;Description 4176;Category 186
304183;Description 4177;Category 135
304184;Description 4178;Category 121
304185;Description 4179;Category 146
304186;Description 4180;Category 82
304187;Description 4181;Category 112
304188;Description 4182;Category 57
304189;Description 4183;Category 27
304190;Description 4184;Category 8
304191;Description 4185;Category 212
304192;Description 4186;Category 113
304193;Description 4187;Category 56
304194;Description 4188;Category 113
304195;Description 4189;Category 260
304196;Description 4190;Category 103
304197;Description 4191;Category 104
304198;Description 4192;Category 131
304199;Description 4193;Category 56
304200;Description 4194;Category 125
304201;Description 4195;Category 135
304202;Description 4196;Category 113
304203;Description 4197;Category 119
304204;Description 4198;Category 29
304205;Description 4199;Category 168
304206;Description 4200;Category 10
304207;Description 4201;Category 149
304208;Description 4202;Category 103
304209;Description 4203;Category 222
304210;Description 4204;Category 13
304211;Description 4205;Category 142
304212;Description 4206;Category 186
304213;Description 4207;Category 60
304214;Description 4208;Category 142
304215;Description 4209;Category 186
304216;Description 4210;Category 233
304217;Description 4211;Category 13
304218;Description 4212;Category 143
304219;Description 4213;Category 47
304220;Description 4214;Category 261
304221;Description 4215;Category 28
304222;Description 4216;Category 56
304223;Description 4217;Category 57
304224;Description 4218;Category 2
304225;Description 4219;Category 34
304226;Description 4220;Category 24
304227;Description 4221;Category 233
304228;Description 4222;Category 3
304229;Description 4223;Category 119
304230;Description 4224;Category 104
304231;Description 4225;Category 52
304232;Description 4226;Category 13
304233;Description 4227;Category 53
304234;Description 4228;Category 150
304235;Description 4229;Category 56
304236;Description 4230;Category 198
304237;Description 4231;Category 8
304238;Description 4232;Category 34
304239;Description 4233;Category 14
304240;Description 4234;Category 195
304241;Description 4235;Category 195
304242;Description 4236;Category 195
304243;Description 4237;Category 195
304244;Description 4238;Category 195
304245;Description 4239;Category 27
304246;Description 4240;Category 30
304247;Description 4241;Category 56
304248;Description 4242;Category 56
304249;Description 4243;Category 142
304250;Description 4244;Category 142
304251;Description 4245;Category 154
304252;Description 4246;Category 154
304253;Description 4247;Category 57
304254;Description 4248;Category 13
304255;Description 4249;Category 2
304256;Description 4250;Category 13
304257;Description 4251;Category 22
304258;Description 4252;Category 54
304259;Description 4253;Category 63
304260;Description 4254;Category 142
304261;Description 4255;Category 42
304262;Description 4256;Category 42
304263;Description 4257;Category 55
304264;Description 4258;Category 3
304265;Description 4259;Category 94
304266;Description 4260;Category 119
304267;Description 4261;Category 57
304268;Description 4262;Category 125
304269;Description 4263;Category 133
304270;Description 4264;Category 262
304271;Description 4265;Category 54
304272;Description 4266;Category 56
304273;Description 4267;Category 37
304274;Description 4268;Category 63
304275;Description 4269;Category 177
304276;Description 4270;Category 17
304277;Description 4271;Category 3
304278;Description 4272;Category 74
304279;Description 4273;Category 151
304280;Description 4274;Category 45
304281;Description 4275;Category 113
304282;Description 4276;Category 143
304283;Description 4277;Category 56
304284;Description 4278;Category 146
304285;Description 4279;Category 153
304286;Description 1493;Category 106
304287;Description 4280;Category 54
304288;Description 4281;Category 142
304289;Description 4282;Category 36
304290;Description 4283;Category 54
304291;Description 4284;Category 218
304292;Description 4285;Category 45
304293;Description 4286;Category 45
304294;Description 4287;Category 156
304295;Description 4288;Category 133
304296;Description 4289;Category 13
304297;Description 4290;Category 47
304298;Description 4291;Category 2
304299;Description 4292;Category 62
304300;Description 4293;Category 24
304301;Description 4294;Category 45
304302;Description 4295;Category 45
304303;Description 4296;Category 13
304304;Description 4297;Category 154
304305;Description 4298;Category 28
304306;Description 4299;Category 64
304307;Description 4300;Category 27
304308;Description 4301;Category 198
304309;Description 4302;Category 142
304310;Description 4303;Category 24
304311;Description 4304;Category 206
304312;Description 4305;Category 2
304313;Description 4306;Category 56
304314;Description 4307;Category 69
304315;Description 4308;Category 69
304316;Description 4309;Category 69
304317;Description 4310;Category 186
304318;Description 4311;Category 142
304319;Description 4312;Category 160
304320;Description 1383;Category 13
304321;Description 4313;Category 135
304322;Description 4314;Category 56
304323;Description 4315;Category 246
304324;Description 4316;Category 94
304325;Description 4317;Category 112
304326;Description 4318;Category 153
304327;Description 4319;Category 21
304328;Description 4320;Category 36
304329;Description 4321;Category 143
304330;Description 4322;Category 2
304331;Description 4323;Category 3
304332;Description 4324;Category 100
304333;Description 4325;Category 154
304334;Description 4326;Category 151
304335;Description 4327;Category 151
304336;Description 4328;Category 42
304337;Description 4329;Category 35
304338;Description 4330;Category 142
304339;Description 4331;Category 74
304340;Description 4332;Category 74
304341;Description 4333;Category 42
304342;Description 4334;Category 263
304343;Description 4335;Category 264
304344;Description 4336;Category 42
304345;Description 4337;Category 263
304346;Description 4338;Category 13
304347;Description 4339;Category 142
304348;Description 4340;Category 94
304349;Description 4341;Category 3
304350;Description 4342;Category 15
304351;Description 4343;Category 188
304352;Description 4344;Category 27
304353;Description 4345;Category 15
304354;Description 4346;Category 15
304355;Description 4347;Category 2
304356;Description 4348;Category 142
304357;Description 4349;Category 15
304358;Description 4350;Category 263
304359;Description 4351;Category 15
304360;Description 4352;Category 2
304361;Description 4353;Category 145
304362;Description 4354;Category 145
304363;Description 4355;Category 145
304364;Description 4356;Category 95
304365;Description 4357;Category 42
304366;Description 4358;Category 15
304367;Description 4359;Category 142
304368;Description 4360;Category 227
304369;Description 4361;Category 36
304370;Description 4362;Category 3
304371;Description 4363;Category 112
304372;Description 4364;Category 93
304373;Description 4365;Category 21
304374;Description 4366;Category 2
304375;Description 4367;Category 36
304376;Description 4368;Category 21
304377;Description 4369;Category 15
304378;Description 4370;Category 21
304379;Description 4371;Category 227
304380;Description 4372;Category 227
304381;Description 4373;Category 15
304382;Description 4374;Category 44
304383;Description 4375;Category 15
304384;Description 4376;Category 104
304385;Description 4377;Category 119
304386;Description 4378;Category 21
304387;Description 4379;Category 102
304388;Description 4380;Category 21
304389;Description 4381;Category 42
304390;Description 4382;Category 42
304391;Description 4383;Category 42
304392;Description 4384;Category 24
304393;Description 4385;Category 95
304394;Description 4386;Category 52
304395;Description 4387;Category 75
304396;Description 4388;Category 15
304397;Description 4389;Category 45
304398;Description 4390;Category 56
304399;Description 4391;Category 56
304400;Description 4392;Category 139
304401;Description 4393;Category 15
304402;Description 4394;Category 3
304403;Description 4395;Category 77
304404;Description 4396;Category 2
304405;Description 4397;Category 123
304406;Description 4398;Category 2
304407;Description 4399;Category 27
304408;Description 4400;Category 77
304409;Description 4401;Category 143
304410;Description 4402;Category 265
304411;Description 4403;Category 3
304412;Description 4404;Category 142
304413;Description 4405;Category 142
304414;Description 4406;Category 142
304415;Description 4407;Category 142
304416;Description 4408;Category 142
304417;Description 4409;Category 15
304418;Description 4410;Category 95
304419;Description 4411;Category 207
304420;Description 4412;Category 142
304421;Description 4413;Category 27
304422;Description 4414;Category 266
304423;Description 4415;Category 59
304424;Description 4416;Category 146
304425;Description 4417;Category 135
304426;Description 4418;Category 5
304427;Description 4419;Category 135
304428;Description 4420;Category 142
304429;Description 4421;Category 56
304430;Description 4422;Category 57
304431;Description 4423;Category 103
304432;Description 4424;Category 56
304433;Description 4425;Category 135
304434;Description 4426;Category 27
304435;Description 4427;Category 15
304436;Description 4428;Category 27
304437;Description 4429;Category 103
304438;Description 4430;Category 88
304439;Description 4431;Category 57
304440;Description 2980;Category 56
304441;Description 4432;Category 56
304442;Description 4433;Category 142
304443;Description 4434;Category 5
304444;Description 4435;Category 196
304445;Description 4436;Category 196
304446;Description 4437;Category 14
304447;Description 4438;Category 86
304448;Description 4439;Category 56
304449;Description 4440;Category 142
304450;Description 4441;Category 142
304451;Description 4442;Category 142
304452;Description 4443;Category 56
304453;Description 4444;Category 56
304454;Description 4445;Category 204
304455;Description 4446;Category 118
304456;Description 4447;Category 98
304457;Description 4448;Category 264
304458;Description 4449;Category 142
304459;Description 4450;Category 27
304460;Description 4451;Category 153
304461;Description 4452;Category 56
304462;Description 4453;Category 139
304463;Description 4454;Category 13
304464;Description 4455;Category 61
304465;Description 4456;Category 165
304466;Description 4457;Category 186
304467;Description 4458;Category 27
304468;Description 4459;Category 191
304469;Description 4460;Category 98
304470;Description 4461;Category 263
304471;Description 4410;Category 95
304472;Description 4462;Category 98
304473;Description 4463;Category 56
304474;Description 4464;Category 118
304475;Description 4465;Category 35
304476;Description 4466;Category 56
304477;Description 4467;Category 233
304478;Description 4468;Category 16
304479;Description 4469;Category 191
304480;Description 4470;Category 34
304481;Description 4471;Category 151
304482;Description 4472;Category 233
304483;Description 4473;Category 145
304484;Description 4474;Category 145
304485;Description 4475;Category 233
304486;Description 4476;Category 26
304487;Description 4477;Category 233
304488;Description 4478;Category 233
304489;Description 4479;Category 233
304490;Description 4480;Category 16
304491;Description 4481;Category 56
304492;Description 4482;Category 144
304493;Description 4483;Category 132
304494;Description 4484;Category 97
304495;Description 4485;Category 122
304496;Description 4486;Category 246
304497;Description 4487;Category 56
304498;Description 4488;Category 57
304499;Description 4489;Category 1
304500;Description 4490;Category 71
304501;Description 4491;Category 7
304502;Description 4492;Category 15
304503;Description 4493;Category 56
304504;Description 4494;Category 233
304505;Description 4495;Category 156
304506;Description 4496;Category 156
304507;Description 4497;Category 213
304508;Description 4498;Category 213
304509;Description 4499;Category 56
304510;Description 4500;Category 77
304511;Description 4501;Category 85
304512;Description 4502;Category 248
304513;Description 4503;Category 248
304514;Description 4504;Category 21
304515;Description 4505;Category 28
304516;Description 4506;Category 3
304517;Description 4507;Category 15
304518;Description 4508;Category 98
304519;Description 4509;Category 154
304520;Description 4510;Category 160
304521;Description 4511;Category 15
304522;Description 4512;Category 156
304523;Description 4513;Category 248
304524;Description 4514;Category 207
304525;Description 4515;Category 7
304526;Description 4516;Category 98
304527;Description 4517;Category 248
304528;Description 4518;Category 248
304529;Description 4519;Category 248
304530;Description 4520;Category 248
304531;Description 4521;Category 233
304532;Description 4522;Category 156
304533;Description 4523;Category 104
304534;Description 4524;Category 97
304535;Description 4525;Category 27
304536;Description 4526;Category 142
304537;Description 4527;Category 195
304538;Description 4528;Category 232
304539;Description 4529;Category 47
304540;Description 4530;Category 3
304541;Description 4531;Category 151
304542;Description 4532;Category 4
304543;Description 4533;Category 98
304544;Description 4534;Category 267
304545;Description 4535;Category 145
304546;Description 4536;Category 123
304547;Description 4537;Category 97
304548;Description 4538;Category 186
304549;Description 4539;Category 35
304550;Description 4540;Category 51
304551;Description 4541;Category 212
304552;Description 4542;Category 257
304553;Description 4543;Category 257
304554;Description 4544;Category 14
304555;Description 4545;Category 199
304556;Description 4546;Category 14
304557;Description 4547;Category 14
304558;Description 4548;Category 212
304559;Description 4549;Category 263
304560;Description 4550;Category 156
304561;Description 4551;Category 194
304562;Description 4552;Category 233
304563;Description 4553;Category 177
304564;Description 4554;Category 85
304565;Description 4555;Category 34
304566;Description 4556;Category 268
304567;Description 4557;Category 156
304568;Description 4558;Category 28
304569;Description 4559;Category 57
304570;Description 4560;Category 36
304571;Description 4561;Category 97
304572;Description 4562;Category 97
304573;Description 4563;Category 27
304574;Description 4564;Category 20
304575;Description 4565;Category 142
304576;Description 4566;Category 123
304577;Description 4567;Category 213
304578;Description 4568;Category 57
304579;Description 4569;Category 74
304580;Description 4570;Category 53
304581;Description 4571;Category 28
304582;Description 4572;Category 32
304583;Description 4573;Category 32
